{"EmailUniqueId":"AAMkADY3MzMyZDI2LTIzZjQtNDhmZi05YjYyLTY4Y2Y1MmM4OTI1YgBGAAAAAAA1YDzIIl-wR4G57gtDFXI4BwCeAOdpD2vXRIaa5vXJvYnJAAAAAAEWAACeAOdpD2vXRIaa5vXJvYnJAAAGzUSmAAA=","EmailCreatedDateTime":"2023-07-31T09:58:13Z","HasAttachment":false,"FromName":"Deepak Sharma","FromEmailAddress":"deepak.sharma@beyondkey.com","ToName":"Contact","ToEmailAddress":"Contact@beyondkey.com","conversationId":"AAQkADY3MzMyZDI2LTIzZjQtNDhmZi05YjYyLTY4Y2Y1MmM4OTI1YgAQANpRt2DDubRLqefiAp0M-3M=","parentFolderId":"AAMkADY3MzMyZDI2LTIzZjQtNDhmZi05YjYyLTY4Y2Y1MmM4OTI1YgAuAAAAAAA1YDzIIl-wR4G57gtDFXI4AQCeAOdpD2vXRIaa5vXJvYnJAAAAAAEWAAA=","isRead":false,"Body":{"contentType":"html","content":"<html lang=\"en\" style=\"background-color:#E6E6E6; width:600px; word-break:keep-all\"><head style=\"word-break:keep-all\">\r\n<meta http-equiv=\"Content-Type\" content=\"text/html; charset=utf-8\"><meta name=\"viewport\" content=\"width=device-width,initial-scale=1\" style=\"word-break:keep-all\"><meta name=\"format-detection\" content=\"telephone=no\" style=\"word-break:keep-all\"><style type=\"text/css\">\r\n<!--\r\n@media only screen and (max-width:616px){\r\ntable.body .no-padd\r\n\t{padding:0}\r\ntable.body .pl-0\r\n\t{padding-left:0!important}\r\ntable.body .pr-0\r\n\t{padding-right:0!important}\r\ntable.body .pt-0\r\n\t{padding-top:0}\r\ntable.body .pb-0\r\n\t{padding-bottom:0}\r\n\r\n\t}\r\n-->\r\n</style></head><body style=\"margin:0; background-color:#E6E6E6; box-sizing:border-box; color:#7B7F82; font-family:Helvetica,Arial,sans-serif; font-size:14px; font-weight:400; line-height:1.3; margin:0; min-width:100%; padding:0; padding-bottom:0; padding-left:0; padding-right:0; padding-top:0; text-align:left; width:100%!important; word-break:keep-all\"><p></p><div style=\"background-color:#ffeb9c; width:100%; border:1px solid #FFEB9C; padding:2pt; border-style:solid; border-color:#9C6500\">CAUTION: This email originated from outside of the organization. Do not click links or open attachments unless you recognize the sender and know the content is safe.</div><p></p><div><table class=\"body\" style=\"margin:0; background:#fefefe; background-color:#E6E6E6; border-collapse:collapse; border-spacing:0; color:#7B7F82; font-family:Helvetica,Arial,sans-serif; font-size:14px; font-weight:400; height:100%; line-height:1.3; margin:0; padding-bottom:0; padding-left:0; padding-right:0; padding-top:0; text-align:left; vertical-align:top; width:100%; word-break:keep-all\"><tbody><tr style=\"padding-bottom:0; padding-left:0; padding-right:0; padding-top:0; text-align:left; vertical-align:top; word-break:keep-all\"><td align=\"center\" class=\"center\" valign=\"top\" style=\"margin:0; border-collapse:collapse!important; color:#7B7F82; font-family:Helvetica,Arial,sans-serif; font-size:14px; font-weight:400; line-height:1.3; margin:0; padding-bottom:0; padding-left:0; padding-right:0; padding-top:0; text-align:left; vertical-align:top; word-break:keep-all; word-wrap:break-word\"><center style=\"min-width:600px; width:100%; word-break:keep-all\"><table align=\"center\" class=\"container idm-container float-center\" style=\"margin:0 auto; background:#fefefe; border-collapse:collapse; border-spacing:0; float:none; margin:0 auto; padding-bottom:0; padding-left:0; padding-right:0; padding-top:0; text-align:center; vertical-align:top; width:600px; word-break:keep-all\"><tbody style=\"word-break:keep-all\"><tr style=\"padding-bottom:0; padding-left:0; padding-right:0; padding-top:0; text-align:left; vertical-align:top; word-break:keep-all\"><td style=\"margin:0; border-collapse:collapse!important; color:#7B7F82; font-family:Helvetica,Arial,sans-serif; font-size:14px; font-weight:400; line-height:1.3; margin:0; padding-bottom:0; padding-left:0; padding-right:0; padding-top:0; text-align:left; vertical-align:top; word-break:keep-all; word-wrap:break-word\"><table align=\"center\" class=\"wrapper site-header-wrapper\" style=\"border-collapse:collapse; border-spacing:0; padding-bottom:0; padding-left:0; padding-right:0; padding-top:0; text-align:left; vertical-align:top; width:100%; word-break:keep-all\"><tbody style=\"word-break:keep-all\"><tr style=\"padding-bottom:0; padding-left:0; padding-right:0; padding-top:0; text-align:left; vertical-align:top; word-break:keep-all\"><td class=\"wrapper-inner\" style=\"margin:0; border-collapse:collapse!important; color:#7B7F82; font-family:Helvetica,Arial,sans-serif; font-size:14px; font-weight:400; line-height:1.3; margin:0; padding-bottom:0; padding-left:0; padding-right:0; padding-top:0; text-align:left; vertical-align:top; word-break:keep-all; word-wrap:break-word\"><div class=\"event-header idm\" style=\"border-bottom:solid 5px; border-color:#2b3479; word-break:keep-all\"><div class=\"topbar bg-idm text-white\" style=\"background-color:#2b3479; color:#fefefe; font-size:13px; padding:5px; word-break:keep-all\"><table class=\"row\" style=\"border-collapse:collapse; border-spacing:0; display:table; padding:0; padding-bottom:0; padding-left:0; padding-right:0; padding-top:0; text-align:left; vertical-align:top; width:100%; word-break:keep-all\"><tbody style=\"word-break:keep-all\"><tr style=\"padding-bottom:0; padding-left:0; padding-right:0; padding-top:0; text-align:left; vertical-align:top; word-break:keep-all\"><th class=\"pb-0 small-12 large-8 columns first\" style=\"margin:0 auto; border-collapse:collapse!important; color:#7B7F82; font-family:Helvetica,Arial,sans-serif; font-size:14px; font-weight:400; line-height:1.3; margin:0 auto; padding-bottom:0; padding-left:16px; padding-right:8px; padding-top:0; text-align:left; vertical-align:top; width:384px; word-break:keep-all; word-wrap:break-word\"><table style=\"border-collapse:collapse; border-spacing:0; padding-bottom:0; padding-left:0; padding-right:0; padding-top:0; text-align:left; vertical-align:top; width:100%; word-break:keep-all\"><tbody style=\"word-break:keep-all\"><tr style=\"padding-bottom:0; padding-left:0; padding-right:0; padding-top:0; text-align:left; vertical-align:top; word-break:keep-all\"><th style=\"margin:0; border-collapse:collapse!important; color:#7B7F82; font-family:Helvetica,Arial,sans-serif; font-size:14px; font-weight:400; line-height:1.3; margin:0; padding-bottom:0; padding-left:0; padding-right:0; padding-top:0; text-align:left; vertical-align:top; word-break:keep-all; word-wrap:break-word\"><a href=\"http://tracking.whmediaevents.com/index.php/campaigns/jx6312rwlp18c/track-url/tt331a6syge05/a07aeae62f709786812981aa0a45b2a40220e2b0\" style=\"color:#2b3479; font-family:Helvetica,Arial,sans-serif; font-size:13px; font-weight:400; line-height:1.3; padding:0; text-align:left; text-decoration:none; word-break:keep-all\"><span class=\"text-white\" style=\"color:#fefefe; word-break:keep-all\">Whitehallmedia.co.uk</span></a> | <a href=\"http://tracking.whmediaevents.com/index.php/campaigns/jx6312rwlp18c/track-url/tt331a6syge05/198ebd36f7c3f9eba5acca1ddf5e059dc1e09f9e\" style=\"color:#2b3479; font-family:Helvetica,Arial,sans-serif; font-size:13px; font-weight:400; line-height:1.3; padding:0; text-align:left; text-decoration:none; word-break:keep-all\"><span class=\"text-white\" style=\"color:#fefefe; word-break:keep-all\">Whitehallmedia Conferences</span></a></th></tr></tbody></table></th><th class=\"pb-0 small-12 large-4 columns last\" style=\"margin:0 auto; border-collapse:collapse!important; color:#7B7F82; font-family:Helvetica,Arial,sans-serif; font-size:14px; font-weight:400; line-height:1.3; margin:0 auto; padding-bottom:0; padding-left:8px; padding-right:16px; padding-top:0; text-align:left; vertical-align:top; width:184px; word-break:keep-all; word-wrap:break-word\"><table style=\"border-collapse:collapse; border-spacing:0; padding-bottom:0; padding-left:0; padding-right:0; padding-top:0; text-align:left; vertical-align:top; width:100%; word-break:keep-all\"><tbody style=\"word-break:keep-all\"><tr style=\"padding-bottom:0; padding-left:0; padding-right:0; padding-top:0; text-align:left; vertical-align:top; word-break:keep-all\"><th style=\"margin:0; border-collapse:collapse!important; color:#7B7F82; font-family:Helvetica,Arial,sans-serif; font-size:14px; font-weight:400; line-height:1.3; margin:0; padding-bottom:0; padding-left:0; padding-right:0; padding-top:0; text-align:left; vertical-align:top; word-break:keep-all; word-wrap:break-word\"><div class=\"social-images text-right\" style=\"text-align:right; word-break:keep-all\"><a href=\"http://tracking.whmediaevents.com/index.php/campaigns/jx6312rwlp18c/track-url/tt331a6syge05/687ad0a203dcd82e0cb26658847cf2464d11af4b\" target=\"_blank\" style=\"color:#2b3479; font-family:Helvetica,Arial,sans-serif; font-size:13px; font-weight:400; line-height:1.3; padding:0; text-align:left; text-decoration:none; word-break:keep-all\"><img src=\"https://whitehallmedia.co.uk/mailshots/social-images/twitter.png\" style=\"border:none; clear:both; display:inline-block; max-width:100%; outline:0; text-decoration:none; width:15px; word-break:keep-all\"> </a><a href=\"http://tracking.whmediaevents.com/index.php/campaigns/jx6312rwlp18c/track-url/tt331a6syge05/e55c4f16968fbb02a224d2e41f5f310534d203c6\" target=\"_blank\" style=\"color:#2b3479; font-family:Helvetica,Arial,sans-serif; font-size:13px; font-weight:400; line-height:1.3; padding:0; text-align:left; text-decoration:none; word-break:keep-all\"><img src=\"https://whitehallmedia.co.uk/mailshots/social-images/youtube.png\" style=\"border:none; clear:both; display:inline-block; max-width:100%; outline:0; text-decoration:none; width:15px; word-break:keep-all\"> </a><a href=\"http://tracking.whmediaevents.com/index.php/campaigns/jx6312rwlp18c/track-url/tt331a6syge05/876b1369fdd53062a47c4bb987fb96a14762cd42\" target=\"_blank\" style=\"color:#2b3479; font-family:Helvetica,Arial,sans-serif; font-size:13px; font-weight:400; line-height:1.3; padding:0; text-align:left; text-decoration:none; word-break:keep-all\"><img src=\"https://whitehallmedia.co.uk/mailshots/social-images/linkedin.png\" style=\"border:none; clear:both; display:inline-block; max-width:100%; outline:0; text-decoration:none; width:15px; word-break:keep-all\"> </a><a href=\"http://tracking.whmediaevents.com/index.php/campaigns/jx6312rwlp18c/track-url/tt331a6syge05/d8c8d3eb3feb75bc41e4bd5162b92708cc1691fb\" target=\"_blank\" style=\"color:#2b3479; font-family:Helvetica,Arial,sans-serif; font-size:13px; font-weight:400; line-height:1.3; padding:0; text-align:left; text-decoration:none; word-break:keep-all\"><img src=\"https://whitehallmedia.co.uk/mailshots/social-images/instagram.png\" style=\"border:none; clear:both; display:inline-block; max-width:100%; outline:0; text-decoration:none; width:15px; word-break:keep-all\"></a></div></th></tr></tbody></table></th></tr></tbody></table></div><table class=\"row\" style=\"border-collapse:collapse; border-spacing:0; display:table; padding:0; padding-bottom:0; padding-left:0; padding-right:0; padding-top:0; text-align:left; vertical-align:top; width:100%; word-break:keep-all\"><tbody style=\"word-break:keep-all\"><tr style=\"padding-bottom:0; padding-left:0; padding-right:0; padding-top:0; text-align:left; vertical-align:top; word-break:keep-all\"><th class=\"pt-1 small-12 large-12 columns first last\" style=\"margin:0; border-collapse:collapse!important; color:#7B7F82; display:block; font-family:Helvetica,Arial,sans-serif; font-size:14px; font-weight:400; line-height:1.3; margin:0; padding-bottom:16px; padding-left:16px; padding-right:16px; padding-top:16px!important; text-align:left; vertical-align:top; width:584px; word-break:keep-all; word-wrap:break-word\"><table style=\"border-collapse:collapse; border-spacing:0; padding-bottom:0; padding-left:0; padding-right:0; padding-top:0; text-align:left; vertical-align:top; width:100%; word-break:keep-all\"><tbody style=\"word-break:keep-all\"><tr style=\"padding-bottom:0; padding-left:0; padding-right:0; padding-top:0; text-align:left; vertical-align:top; word-break:keep-all\"><th style=\"margin:0; border-collapse:collapse!important; color:#7B7F82; font-family:Helvetica,Arial,sans-serif; font-size:14px; font-weight:400; line-height:1.3; margin:0; padding-bottom:0; padding-left:0; padding-right:0; padding-top:0; text-align:left; vertical-align:top; word-break:keep-all; word-wrap:break-word\"><h1 class=\"idm-colour event-name\" style=\"margin:0; margin-bottom:10px; color:#2b3479; font-family:Helvetica,Arial,sans-serif; font-size:45px; font-weight:800; line-height:1.3; margin:0; margin-bottom:0!important; padding-bottom:0; padding-left:0; padding-right:0; padding-top:0; text-align:left; word-break:keep-all; word-wrap:normal\"><strong style=\"word-break:keep-all\">IDM</strong></h1><h3 class=\"mb-0\" style=\"margin:0; margin-bottom:0; color:inherit; font-family:Helvetica,Arial,sans-serif; font-size:28px; font-weight:400; line-height:1.3; margin:0; margin-bottom:0; padding-bottom:0; padding-left:0; padding-right:0; padding-top:0; text-align:left; word-break:keep-all; word-wrap:normal\">Identity Management</h3><p class=\"mb-0\" style=\"margin:0; margin-bottom:0; color:#7B7F82; font-family:Helvetica,Arial,sans-serif; font-size:14px; font-weight:400; line-height:1.3; margin:0; margin-bottom:0; padding-bottom:0; padding-left:0; padding-right:0; padding-top:0; text-align:left; word-break:keep-all\">Brought to you by Whitehall Media</p></th><th class=\"expander\" style=\"margin:0; border-collapse:collapse!important; color:#7B7F82; font-family:Helvetica,Arial,sans-serif; font-size:14px; font-weight:400; line-height:1.3; margin:0; padding:0!important; padding-bottom:0; padding-left:0; padding-right:0; padding-top:0; text-align:left; vertical-align:top; visibility:hidden; width:0; word-break:keep-all; word-wrap:break-word\">&nbsp;</th></tr></tbody></table></th></tr></tbody></table></div></td></tr></tbody></table><table align=\"center\" class=\"wrapper site-body\" style=\"border-collapse:collapse; border-spacing:0; padding-bottom:0; padding-left:0; padding-right:0; padding-top:0; text-align:left; vertical-align:top; width:100%; word-break:keep-all\"><tbody style=\"word-break:keep-all\"><tr style=\"padding-bottom:0; padding-left:0; padding-right:0; padding-top:0; text-align:left; vertical-align:top; word-break:keep-all\"><td class=\"wrapper-inner\" style=\"margin:0; border-collapse:collapse!important; color:#7B7F82; font-family:Helvetica,Arial,sans-serif; font-size:14px; font-weight:400; line-height:1.3; margin:0; padding-bottom:0; padding-left:0; padding-right:0; padding-top:0; text-align:left; vertical-align:top; word-break:keep-all; word-wrap:break-word\"><table class=\"row\" style=\"border-collapse:collapse; border-spacing:0; display:table; padding:0; padding-bottom:0; padding-left:0; padding-right:0; padding-top:0; text-align:left; vertical-align:top; width:100%; word-break:keep-all\"><tbody style=\"word-break:keep-all\"><tr style=\"padding-bottom:0; padding-left:0; padding-right:0; padding-top:0; text-align:left; vertical-align:top; word-break:keep-all\"><th class=\"pt-1 small-12 large-12 columns first last\" style=\"margin:0; border-collapse:collapse!important; color:#7B7F82; display:block; font-family:Helvetica,Arial,sans-serif; font-size:14px; font-weight:400; line-height:1.3; margin:0; padding-bottom:16px; padding-left:16px; padding-right:16px; padding-top:16px!important; text-align:left; vertical-align:top; width:584px; word-break:keep-all; word-wrap:break-word\"><table style=\"border-collapse:collapse; border-spacing:0; padding-bottom:0; padding-left:0; padding-right:0; padding-top:0; text-align:left; vertical-align:top; width:100%; word-break:keep-all\"><tbody style=\"word-break:keep-all\"><tr style=\"padding-bottom:0; padding-left:0; padding-right:0; padding-top:0; text-align:left; vertical-align:top; word-break:keep-all\"><th style=\"margin:0; border-collapse:collapse!important; color:#7B7F82; font-family:Helvetica,Arial,sans-serif; font-size:14px; font-weight:400; line-height:1.3; margin:0; padding-bottom:0; padding-left:0; padding-right:0; padding-top:0; text-align:left; vertical-align:top; word-break:keep-all; word-wrap:break-word\"><p class=\"text-center\" style=\"margin:0; margin-bottom:10px; color:#7B7F82; font-family:Helvetica,Arial,sans-serif; font-size:14px; font-weight:400; line-height:1.3; margin:0; margin-bottom:10px; padding-bottom:0; padding-left:0; padding-right:0; padding-top:0; text-align:center; word-break:keep-all\"><strong style=\"word-break:keep-all\">Identity Access Management UK, Europe, DACH &amp; Nordics Events for 2023</strong><br style=\"word-break:keep-all\">#WMidm</p><p style=\"margin:0; margin-bottom:10px; color:#7B7F82; font-family:Helvetica,Arial,sans-serif; font-size:14px; font-weight:400; line-height:1.3; margin:0; margin-bottom:10px; padding-bottom:0; padding-left:0; padding-right:0; padding-top:0; text-align:left; word-break:keep-all\">Good Afternoon,</p><p style=\"margin:0; margin-bottom:10px; color:#7B7F82; font-family:Helvetica,Arial,sans-serif; font-size:14px; font-weight:400; line-height:1.3; margin:0; margin-bottom:10px; padding-bottom:0; padding-left:0; padding-right:0; padding-top:0; text-align:left; word-break:keep-all\">As a key technology vendor in the Identity &amp; Access Management space, Whitehall Media would like to formally invite you to sponsor up to 5 main <strong style=\"word-break:keep-all\">Identity Access Management (IDM)</strong> Series of Events for 2023.</p><p style=\"margin:0; margin-bottom:10px; color:#7B7F82; font-family:Helvetica,Arial,sans-serif; font-size:14px; font-weight:400; line-height:1.3; margin:0; margin-bottom:10px; padding-bottom:0; padding-left:0; padding-right:0; padding-top:0; text-align:left; word-break:keep-all\"><strong style=\"word-break:keep-all\">IDM</strong> is the UK’s and Europe’s most important gathering of today’s IAM leaders, decision-makers and influencers. From the keynote stage to the breakout sessions and dedicated exhibition space, IDM is the perfect platform for vendors to strategically position themselves as the leading technology and identity security innovators in the Enterprise and Government workspace.</p><p class=\"text-center idm-colour pt-1 pb-1\" style=\"margin:0; margin-bottom:10px; color:#2b3479; font-family:Helvetica,Arial,sans-serif; font-size:14px; font-weight:400; line-height:1.3; margin:0; margin-bottom:10px; padding-bottom:16px!important; padding-left:0; padding-right:0; padding-top:16px!important; text-align:center; word-break:keep-all\"><strong style=\"word-break:keep-all\">2023 Sponsors Include: Ping Identity, OKTA, Saviynt, One Identity, Quest, Beyond Trust, Sailpoint, Kocho, OneWelcome, Thales, Beyond Identity and many more…</strong></p><p style=\"margin:0; margin-bottom:10px; color:#7B7F82; font-family:Helvetica,Arial,sans-serif; font-size:14px; font-weight:400; line-height:1.3; margin:0; margin-bottom:10px; padding-bottom:0; padding-left:0; padding-right:0; padding-top:0; text-align:left; word-break:keep-all\">The Event sites for all 5 UK and European events are now live, more information regarding the 2023 events can be found below.</p></th><th class=\"expander\" style=\"margin:0; border-collapse:collapse!important; color:#7B7F82; font-family:Helvetica,Arial,sans-serif; font-size:14px; font-weight:400; line-height:1.3; margin:0; padding:0!important; padding-bottom:0; padding-left:0; padding-right:0; padding-top:0; text-align:left; vertical-align:top; visibility:hidden; width:0; word-break:keep-all; word-wrap:break-word\">&nbsp;</th></tr></tbody></table></th></tr></tbody></table><table class=\"row\" style=\"border-collapse:collapse; border-spacing:0; display:table; padding:0; padding-bottom:0; padding-left:0; padding-right:0; padding-top:0; text-align:left; vertical-align:top; width:100%; word-break:keep-all\"><tbody style=\"word-break:keep-all\"><tr style=\"padding-bottom:0; padding-left:0; padding-right:0; padding-top:0; text-align:left; vertical-align:top; word-break:keep-all\"><th class=\"pb-0 small-2 large-2 columns first\" style=\"margin:0 auto; border-collapse:collapse!important; color:#7B7F82; font-family:Helvetica,Arial,sans-serif; font-size:14px; font-weight:400; line-height:1.3; margin:0 auto; padding-bottom:0; padding-left:16px; padding-right:8px; padding-top:0; text-align:left; vertical-align:top; width:84px; word-break:keep-all; word-wrap:break-word\"><table style=\"border-collapse:collapse; border-spacing:0; padding-bottom:0; padding-left:0; padding-right:0; padding-top:0; text-align:left; vertical-align:top; width:100%; word-break:keep-all\"><tbody style=\"word-break:keep-all\"><tr style=\"padding-bottom:0; padding-left:0; padding-right:0; padding-top:0; text-align:left; vertical-align:top; word-break:keep-all\"><th style=\"margin:0; border-collapse:collapse!important; color:#7B7F82; font-family:Helvetica,Arial,sans-serif; font-size:14px; font-weight:400; line-height:1.3; margin:0; padding-bottom:0; padding-left:0; padding-right:0; padding-top:0; text-align:left; vertical-align:top; word-break:keep-all; word-wrap:break-word\">&nbsp;</th></tr></tbody></table></th><th class=\"text-center pt-0 pb-0 small-8 large-8 columns\" style=\"margin:0 auto; border-collapse:collapse!important; color:#7B7F82; font-family:Helvetica,Arial,sans-serif; font-size:14px; font-weight:400; line-height:1.3; margin:0 auto; padding-bottom:0; padding-left:8px; padding-right:8px; padding-top:0; text-align:center; vertical-align:top; width:384px; word-break:keep-all; word-wrap:break-word\"><table style=\"border-collapse:collapse; border-spacing:0; padding-bottom:0; padding-left:0; padding-right:0; padding-top:0; text-align:left; vertical-align:top; width:100%; word-break:keep-all\"><tbody style=\"word-break:keep-all\"><tr style=\"padding-bottom:0; padding-left:0; padding-right:0; padding-top:0; text-align:left; vertical-align:top; word-break:keep-all\"><th style=\"margin:0; border-collapse:collapse!important; color:#7B7F82; font-family:Helvetica,Arial,sans-serif; font-size:14px; font-weight:400; line-height:1.3; margin:0; padding-bottom:0; padding-left:0; padding-right:0; padding-top:0; text-align:left; vertical-align:top; word-break:keep-all; word-wrap:break-word\"><table class=\"button expanded orange\" style=\"margin:0 0 16px 0; border-collapse:collapse; border-spacing:0; color:#ea8f12; margin:0 0 16px 0; padding:0; padding-bottom:0; padding-left:0; padding-right:0; padding-top:0; text-align:left; vertical-align:top; width:100%; word-break:keep-all\"><tbody style=\"word-break:keep-all\"><tr style=\"padding-bottom:0; padding-left:0; padding-right:0; padding-top:0; text-align:left; vertical-align:top; word-break:keep-all\"><td style=\"margin:0; border-collapse:collapse!important; color:#7B7F82; font-family:Helvetica,Arial,sans-serif; font-size:14px; font-weight:400; line-height:1.3; margin:0; padding-bottom:0; padding-left:0; padding-right:0; padding-top:0; text-align:left; vertical-align:top; width:100%; word-break:keep-all; word-wrap:break-word\"><table style=\"border-collapse:collapse; border-spacing:0; padding-bottom:0; padding-left:0; padding-right:0; padding-top:0; text-align:left; vertical-align:top; width:100%; word-break:keep-all\"><tbody style=\"word-break:keep-all\"><tr style=\"padding-bottom:0; padding-left:0; padding-right:0; padding-top:0; text-align:left; vertical-align:top; word-break:keep-all\"><td style=\"margin:0; background:#ea8f12; border:solid 10px #ea8f12; border-collapse:collapse!important; color:#fefefe; font-family:Helvetica,Arial,sans-serif; font-size:14px; font-weight:400; line-height:1.3; margin:0; padding-bottom:0; padding-left:0; padding-right:0; padding-top:0; text-align:left; vertical-align:top; width:100%; word-break:keep-all; word-wrap:break-word\"><center style=\"min-width:0; width:100%; word-break:keep-all\"><a align=\"center\" class=\"float-center\" href=\"mailto:richard.lions@whmmarketing.co.uk?subject=Request%20a%20Media%20Pack%20for%20IDM%202023\" target=\"_blank\" style=\"background-color:#ea8f12; border:0 solid #2199e8; border-color:#ea8f12; border-radius:3px; color:#fefefe; display:inline-block; font-family:Helvetica,Arial,sans-serif; font-size:16px; font-weight:700; line-height:1.3; padding:8px 16px 8px 16px; padding-left:0; padding-right:0; text-align:center; text-decoration:none; width:100%; word-break:keep-all\">Request a Sponsorship Media Pack </a></center></td></tr></tbody></table></td><td class=\"expander\" style=\"margin:0; border-collapse:collapse!important; color:#7B7F82; font-family:Helvetica,Arial,sans-serif; font-size:14px; font-weight:400; line-height:1.3; margin:0; padding:0!important; padding-bottom:0; padding-left:0; padding-right:0; padding-top:0; text-align:left; vertical-align:top; visibility:hidden; width:0; word-break:keep-all; word-wrap:break-word\">&nbsp;</td></tr></tbody></table></th></tr></tbody></table></th><th class=\"pt-0 pb-0 small-2 large-2 columns last\" style=\"margin:0 auto; border-collapse:collapse!important; color:#7B7F82; font-family:Helvetica,Arial,sans-serif; font-size:14px; font-weight:400; line-height:1.3; margin:0 auto; padding-bottom:0; padding-left:8px; padding-right:16px; padding-top:0; text-align:left; vertical-align:top; width:84px; word-break:keep-all; word-wrap:break-word\"><table style=\"border-collapse:collapse; border-spacing:0; padding-bottom:0; padding-left:0; padding-right:0; padding-top:0; text-align:left; vertical-align:top; width:100%; word-break:keep-all\"><tbody style=\"word-break:keep-all\"><tr style=\"padding-bottom:0; padding-left:0; padding-right:0; padding-top:0; text-align:left; vertical-align:top; word-break:keep-all\"><th style=\"margin:0; border-collapse:collapse!important; color:#7B7F82; font-family:Helvetica,Arial,sans-serif; font-size:14px; font-weight:400; line-height:1.3; margin:0; padding-bottom:0; padding-left:0; padding-right:0; padding-top:0; text-align:left; vertical-align:top; word-break:keep-all; word-wrap:break-word\">&nbsp;</th></tr></tbody></table></th></tr></tbody></table><table class=\"row\" style=\"border-collapse:collapse; border-spacing:0; display:table; padding:0; padding-bottom:0; padding-left:0; padding-right:0; padding-top:0; text-align:left; vertical-align:top; width:100%; word-break:keep-all\"><tbody style=\"word-break:keep-all\"><tr style=\"padding-bottom:0; padding-left:0; padding-right:0; padding-top:0; text-align:left; vertical-align:top; word-break:keep-all\"><th class=\"pt-2 small-12 large-12 columns first last\" style=\"margin:0; border-collapse:collapse!important; color:#7B7F82; display:block; font-family:Helvetica,Arial,sans-serif; font-size:14px; font-weight:400; line-height:1.3; margin:0; padding-bottom:16px; padding-left:16px; padding-right:16px; padding-top:32px!important; text-align:left; vertical-align:top; width:584px; word-break:keep-all; word-wrap:break-word\"><table style=\"border-collapse:collapse; border-spacing:0; padding-bottom:0; padding-left:0; padding-right:0; padding-top:0; text-align:left; vertical-align:top; width:100%; word-break:keep-all\"><tbody style=\"word-break:keep-all\"><tr style=\"padding-bottom:0; padding-left:0; padding-right:0; padding-top:0; text-align:left; vertical-align:top; word-break:keep-all\"><th style=\"margin:0; border-collapse:collapse!important; color:#7B7F82; font-family:Helvetica,Arial,sans-serif; font-size:14px; font-weight:400; line-height:1.3; margin:0; padding-bottom:0; padding-left:0; padding-right:0; padding-top:0; text-align:left; vertical-align:top; word-break:keep-all; word-wrap:break-word\"><p class=\"text-center\" style=\"margin:0; margin-bottom:10px; color:#7B7F82; font-family:Helvetica,Arial,sans-serif; font-size:14px; font-weight:400; line-height:1.3; margin:0; margin-bottom:10px; padding-bottom:0; padding-left:0; padding-right:0; padding-top:0; text-align:center; word-break:keep-all\"><strong style=\"word-break:keep-all\">Simply reply to receive a Sponsorship Media Pack and I will then send over a full breakdown of packages and costs as soon as possible:</strong></p></th><th class=\"expander\" style=\"margin:0; border-collapse:collapse!important; color:#7B7F82; font-family:Helvetica,Arial,sans-serif; font-size:14px; font-weight:400; line-height:1.3; margin:0; padding:0!important; padding-bottom:0; padding-left:0; padding-right:0; padding-top:0; text-align:left; vertical-align:top; visibility:hidden; width:0; word-break:keep-all; word-wrap:break-word\">&nbsp;</th></tr></tbody></table></th></tr></tbody></table><table class=\"row\" style=\"border-collapse:collapse; border-spacing:0; display:table; padding:0; padding-bottom:0; padding-left:0; padding-right:0; padding-top:0; text-align:left; vertical-align:top; width:100%; word-break:keep-all\"><tbody style=\"word-break:keep-all\"><tr style=\"padding-bottom:0; padding-left:0; padding-right:0; padding-top:0; text-align:left; vertical-align:top; word-break:keep-all\"><th class=\"small-12 large-6 columns first\" style=\"margin:0 auto; border-collapse:collapse!important; color:#7B7F82; font-family:Helvetica,Arial,sans-serif; font-size:14px; font-weight:400; line-height:1.3; margin:0 auto; padding-bottom:16px; padding-left:16px; padding-right:8px; padding-top:0; text-align:left; vertical-align:top; width:284px; word-break:keep-all; word-wrap:break-word\"><table style=\"border-collapse:collapse; border-spacing:0; padding-bottom:0; padding-left:0; padding-right:0; padding-top:0; text-align:left; vertical-align:top; width:100%; word-break:keep-all\"><tbody style=\"word-break:keep-all\"><tr style=\"padding-bottom:0; padding-left:0; padding-right:0; padding-top:0; text-align:left; vertical-align:top; word-break:keep-all\"><th style=\"margin:0; border-collapse:collapse!important; color:#7B7F82; font-family:Helvetica,Arial,sans-serif; font-size:14px; font-weight:400; line-height:1.3; margin:0; padding-bottom:0; padding-left:0; padding-right:0; padding-top:0; text-align:left; vertical-align:top; word-break:keep-all; word-wrap:break-word\"><p class=\"pt-1 text-center\" style=\"margin:0; margin-bottom:10px; color:#7B7F82; font-family:Helvetica,Arial,sans-serif; font-size:14px; font-weight:400; line-height:1.3; margin:0; margin-bottom:10px; padding-bottom:0; padding-left:0; padding-right:0; padding-top:16px!important; text-align:center; word-break:keep-all\"><span style=\"color:#cc0000\"><strong style=\"color:red; word-break:keep-all\">SOLD OUT</strong></span><br><strong class=\"idm-colour\" style=\"color:#2b3479; word-break:keep-all\">Identity Management UK 2023 Q2&nbsp;</strong><br style=\"word-break:keep-all\">15<sup style=\"word-break:keep-all\">th</sup> June, 2023<br style=\"word-break:keep-all\">London, England</p>&nbsp; <table class=\"button button orange small m-auto\" style=\"margin:0 0 16px 0; border-collapse:collapse; border-spacing:0; color:#ea8f12; font-size:13px; margin:auto!important; padding:0; padding-bottom:0; padding-left:0; padding-right:0; padding-top:0; text-align:left; vertical-align:top; width:auto; word-break:keep-all\"><tbody style=\"word-break:keep-all\"><tr style=\"padding-bottom:0; padding-left:0; padding-right:0; padding-top:0; text-align:left; vertical-align:top; word-break:keep-all\"><td style=\"margin:0; border-collapse:collapse!important; color:#7B7F82; font-family:Helvetica,Arial,sans-serif; font-size:14px; font-weight:400; line-height:1.3; margin:0; padding-bottom:0; padding-left:0; padding-right:0; padding-top:0; text-align:left; vertical-align:top; word-break:keep-all; word-wrap:break-word\"><table style=\"border-collapse:collapse; border-spacing:0; padding-bottom:0; padding-left:0; padding-right:0; padding-top:0; text-align:left; vertical-align:top; width:100%; word-break:keep-all\"><tbody style=\"word-break:keep-all\"><tr style=\"padding-bottom:0; padding-left:0; padding-right:0; padding-top:0; text-align:left; vertical-align:top; word-break:keep-all\"><td style=\"margin:0; background:#ea8f12; border:solid 10px #ea8f12; border-collapse:collapse!important; color:#fefefe; font-family:Helvetica,Arial,sans-serif; font-size:12px; font-weight:400; line-height:1.3; margin:0; padding:0; padding-bottom:0; padding-left:0; padding-right:0; padding-top:0; text-align:left; vertical-align:top; word-break:keep-all; word-wrap:break-word\"><a href=\"http://tracking.whmediaevents.com/index.php/campaigns/jx6312rwlp18c/track-url/tt331a6syge05/3f8015af25fd6e71554e661680d5f12674197596\" target=\"_blank\" style=\"background-color:#ea8f12; border:0 solid #2199e8; border-color:#ea8f12; border-radius:3px; color:#fefefe; display:inline-block; font-family:Helvetica,Arial,sans-serif; font-size:12px; font-weight:700; line-height:1.3; padding:0; text-align:left; text-decoration:none; word-break:keep-all\">Visit Site </a></td></tr></tbody></table></td></tr></tbody></table></th></tr></tbody></table></th><th class=\"small-12 large-6 columns last\" style=\"margin:0 auto; border-collapse:collapse!important; color:#7B7F82; font-family:Helvetica,Arial,sans-serif; font-size:14px; font-weight:400; line-height:1.3; margin:0 auto; padding-bottom:16px; padding-left:8px; padding-right:16px; padding-top:0; text-align:left; vertical-align:top; width:284px; word-break:keep-all; word-wrap:break-word\"><table style=\"border-collapse:collapse; border-spacing:0; padding-bottom:0; padding-left:0; padding-right:0; padding-top:0; text-align:left; vertical-align:top; width:100%; word-break:keep-all\"><tbody style=\"word-break:keep-all\"><tr style=\"padding-bottom:0; padding-left:0; padding-right:0; padding-top:0; text-align:left; vertical-align:top; word-break:keep-all\"><th style=\"margin:0; border-collapse:collapse!important; color:#7B7F82; font-family:Helvetica,Arial,sans-serif; font-size:14px; font-weight:400; line-height:1.3; margin:0; padding-bottom:0; padding-left:0; padding-right:0; padding-top:0; text-align:left; vertical-align:top; word-break:keep-all; word-wrap:break-word\"><p class=\"pt-1 text-center\" style=\"margin:0; margin-bottom:10px; color:#7B7F82; font-family:Helvetica,Arial,sans-serif; font-size:14px; font-weight:400; line-height:1.3; margin:0; margin-bottom:10px; padding-bottom:0; padding-left:0; padding-right:0; padding-top:16px!important; text-align:center; word-break:keep-all\"><span style=\"color:#cc0000\"><strong style=\"color:red; word-break:keep-all\">SOLD OUT</strong></span><br><strong class=\"idm-colour\" style=\"color:#2b3479; word-break:keep-all\">Identity Management DACH 2023 Q3</strong><br style=\"word-break:keep-all\">6<sup style=\"word-break:keep-all\">th</sup> July, 2023<br style=\"word-break:keep-all\">Frankfurt, Germany</p>&nbsp; <table class=\"button button orange small m-auto\" style=\"margin:0 0 16px 0; border-collapse:collapse; border-spacing:0; color:#ea8f12; font-size:13px; margin:auto!important; padding:0; padding-bottom:0; padding-left:0; padding-right:0; padding-top:0; text-align:left; vertical-align:top; width:auto; word-break:keep-all\"><tbody style=\"word-break:keep-all\"><tr style=\"padding-bottom:0; padding-left:0; padding-right:0; padding-top:0; text-align:left; vertical-align:top; word-break:keep-all\"><td style=\"margin:0; border-collapse:collapse!important; color:#7B7F82; font-family:Helvetica,Arial,sans-serif; font-size:14px; font-weight:400; line-height:1.3; margin:0; padding-bottom:0; padding-left:0; padding-right:0; padding-top:0; text-align:left; vertical-align:top; word-break:keep-all; word-wrap:break-word\"><table style=\"border-collapse:collapse; border-spacing:0; padding-bottom:0; padding-left:0; padding-right:0; padding-top:0; text-align:left; vertical-align:top; width:100%; word-break:keep-all\"><tbody style=\"word-break:keep-all\"><tr style=\"padding-bottom:0; padding-left:0; padding-right:0; padding-top:0; text-align:left; vertical-align:top; word-break:keep-all\"><td style=\"margin:0; background:#ea8f12; border:solid 10px #ea8f12; border-collapse:collapse!important; color:#fefefe; font-family:Helvetica,Arial,sans-serif; font-size:12px; font-weight:400; line-height:1.3; margin:0; padding:0; padding-bottom:0; padding-left:0; padding-right:0; padding-top:0; text-align:left; vertical-align:top; word-break:keep-all; word-wrap:break-word\"><a href=\"http://tracking.whmediaevents.com/index.php/campaigns/jx6312rwlp18c/track-url/tt331a6syge05/ea1f3ced46748ad8ad28ce2132591c80a5972723\" target=\"_blank\" style=\"background-color:#ea8f12; border:0 solid #2199e8; border-color:#ea8f12; border-radius:3px; color:#fefefe; display:inline-block; font-family:Helvetica,Arial,sans-serif; font-size:12px; font-weight:700; line-height:1.3; padding:0; text-align:left; text-decoration:none; word-break:keep-all\">Visit Site </a></td></tr></tbody></table></td></tr></tbody></table></th></tr></tbody></table></th></tr></tbody></table><table class=\"row\" style=\"border-collapse:collapse; border-spacing:0; display:table; padding:0; padding-bottom:0; padding-left:0; padding-right:0; padding-top:0; text-align:left; vertical-align:top; width:100%; word-break:keep-all\"><tbody style=\"word-break:keep-all\"><tr style=\"padding-bottom:0; padding-left:0; padding-right:0; padding-top:0; text-align:left; vertical-align:top; word-break:keep-all\"><th class=\"small-12 large-6 columns first\" style=\"margin:0 auto; border-collapse:collapse!important; color:#7B7F82; font-family:Helvetica,Arial,sans-serif; font-size:14px; font-weight:400; line-height:1.3; margin:0 auto; padding-bottom:16px; padding-left:16px; padding-right:8px; padding-top:0; text-align:left; vertical-align:top; width:284px; word-break:keep-all; word-wrap:break-word\"><table style=\"border-collapse:collapse; border-spacing:0; padding-bottom:0; padding-left:0; padding-right:0; padding-top:0; text-align:left; vertical-align:top; width:100%; word-break:keep-all\"><tbody style=\"word-break:keep-all\"><tr style=\"padding-bottom:0; padding-left:0; padding-right:0; padding-top:0; text-align:left; vertical-align:top; word-break:keep-all\"><th style=\"margin:0; border-collapse:collapse!important; color:#7B7F82; font-family:Helvetica,Arial,sans-serif; font-size:14px; font-weight:400; line-height:1.3; margin:0; padding-bottom:0; padding-left:0; padding-right:0; padding-top:0; text-align:left; vertical-align:top; word-break:keep-all; word-wrap:break-word\"><p class=\"pt-1 text-center\" style=\"margin:0; margin-bottom:10px; color:#7B7F82; font-family:Helvetica,Arial,sans-serif; font-size:14px; font-weight:400; line-height:1.3; margin:0; margin-bottom:10px; padding-bottom:0; padding-left:0; padding-right:0; padding-top:16px!important; text-align:center; word-break:keep-all\"><span style=\"color:#cc0000\"><strong style=\"color:red; word-break:keep-all\">SOLD OUT</strong></span><br style=\"word-break:keep-all\"><strong class=\"idm-colour\" style=\"color:#2b3479; word-break:keep-all\">Identity Management EUROPE 2023 Q4</strong><br style=\"word-break:keep-all\">4<sup style=\"word-break:keep-all\">th</sup> October, 2023<br style=\"word-break:keep-all\">Van Der Val Hotel, Utrecht, Netherlands</p>&nbsp; <table class=\"button button orange small m-auto\" style=\"margin:0 0 16px 0; border-collapse:collapse; border-spacing:0; color:#ea8f12; font-size:13px; margin:auto!important; padding:0; padding-bottom:0; padding-left:0; padding-right:0; padding-top:0; text-align:left; vertical-align:top; width:auto; word-break:keep-all\"><tbody style=\"word-break:keep-all\"><tr style=\"padding-bottom:0; padding-left:0; padding-right:0; padding-top:0; text-align:left; vertical-align:top; word-break:keep-all\"><td style=\"margin:0; border-collapse:collapse!important; color:#7B7F82; font-family:Helvetica,Arial,sans-serif; font-size:14px; font-weight:400; line-height:1.3; margin:0; padding-bottom:0; padding-left:0; padding-right:0; padding-top:0; text-align:left; vertical-align:top; word-break:keep-all; word-wrap:break-word\"><table style=\"border-collapse:collapse; border-spacing:0; padding-bottom:0; padding-left:0; padding-right:0; padding-top:0; text-align:left; vertical-align:top; width:100%; word-break:keep-all\"><tbody style=\"word-break:keep-all\"><tr style=\"padding-bottom:0; padding-left:0; padding-right:0; padding-top:0; text-align:left; vertical-align:top; word-break:keep-all\"><td style=\"margin:0; background:#ea8f12; border:solid 10px #ea8f12; border-collapse:collapse!important; color:#fefefe; font-family:Helvetica,Arial,sans-serif; font-size:12px; font-weight:400; line-height:1.3; margin:0; padding:0; padding-bottom:0; padding-left:0; padding-right:0; padding-top:0; text-align:left; vertical-align:top; word-break:keep-all; word-wrap:break-word\"><a href=\"http://tracking.whmediaevents.com/index.php/campaigns/jx6312rwlp18c/track-url/tt331a6syge05/040bb1a4fb5538652920809c42e34f2cdbaeabd8\" target=\"_blank\" style=\"background-color:#ea8f12; border:0 solid #2199e8; border-color:#ea8f12; border-radius:3px; color:#fefefe; display:inline-block; font-family:Helvetica,Arial,sans-serif; font-size:12px; font-weight:700; line-height:1.3; padding:0; text-align:left; text-decoration:none; word-break:keep-all\">Visit Site </a></td></tr></tbody></table></td></tr></tbody></table></th></tr></tbody></table></th><th class=\"small-12 large-6 columns last\" style=\"margin:0 auto; border-collapse:collapse!important; color:#7B7F82; font-family:Helvetica,Arial,sans-serif; font-size:14px; font-weight:400; line-height:1.3; margin:0 auto; padding-bottom:16px; padding-left:8px; padding-right:16px; padding-top:0; text-align:left; vertical-align:top; width:284px; word-break:keep-all; word-wrap:break-word\"><table style=\"border-collapse:collapse; border-spacing:0; padding-bottom:0; padding-left:0; padding-right:0; padding-top:0; text-align:left; vertical-align:top; width:100%; word-break:keep-all\"><tbody style=\"word-break:keep-all\"><tr style=\"padding-bottom:0; padding-left:0; padding-right:0; padding-top:0; text-align:left; vertical-align:top; word-break:keep-all\"><th style=\"margin:0; border-collapse:collapse!important; color:#7B7F82; font-family:Helvetica,Arial,sans-serif; font-size:14px; font-weight:400; line-height:1.3; margin:0; padding-bottom:0; padding-left:0; padding-right:0; padding-top:0; text-align:left; vertical-align:top; word-break:keep-all; word-wrap:break-word\"><p class=\"pt-1 text-center\" style=\"margin:0; margin-bottom:10px; color:#7B7F82; font-family:Helvetica,Arial,sans-serif; font-size:14px; font-weight:400; line-height:1.3; margin:0; margin-bottom:10px; padding-bottom:0; padding-left:0; padding-right:0; padding-top:16px!important; text-align:center; word-break:keep-all\"><span style=\"color:#cc0000\"><strong style=\"color:red; word-break:keep-all\">4 PACKAGES REMAIN</strong></span><br><strong class=\"idm-colour\" style=\"color:#2b3479; word-break:keep-all\">Identity Management UK 2023 Q4</strong><br style=\"word-break:keep-all\">8<sup style=\"word-break:keep-all\">th</sup> November, 2023<br style=\"word-break:keep-all\">Business Design Centre, London</p>&nbsp; <table class=\"button button orange small m-auto\" style=\"margin:0 0 16px 0; border-collapse:collapse; border-spacing:0; color:#ea8f12; font-size:13px; margin:auto!important; padding:0; padding-bottom:0; padding-left:0; padding-right:0; padding-top:0; text-align:left; vertical-align:top; width:auto; word-break:keep-all\"><tbody style=\"word-break:keep-all\"><tr style=\"padding-bottom:0; padding-left:0; padding-right:0; padding-top:0; text-align:left; vertical-align:top; word-break:keep-all\"><td style=\"margin:0; border-collapse:collapse!important; color:#7B7F82; font-family:Helvetica,Arial,sans-serif; font-size:14px; font-weight:400; line-height:1.3; margin:0; padding-bottom:0; padding-left:0; padding-right:0; padding-top:0; text-align:left; vertical-align:top; word-break:keep-all; word-wrap:break-word\"><table style=\"border-collapse:collapse; border-spacing:0; padding-bottom:0; padding-left:0; padding-right:0; padding-top:0; text-align:left; vertical-align:top; width:100%; word-break:keep-all\"><tbody style=\"word-break:keep-all\"><tr style=\"padding-bottom:0; padding-left:0; padding-right:0; padding-top:0; text-align:left; vertical-align:top; word-break:keep-all\"><td style=\"margin:0; background:#ea8f12; border:solid 10px #ea8f12; border-collapse:collapse!important; color:#fefefe; font-family:Helvetica,Arial,sans-serif; font-size:12px; font-weight:400; line-height:1.3; margin:0; padding:0; padding-bottom:0; padding-left:0; padding-right:0; padding-top:0; text-align:left; vertical-align:top; word-break:keep-all; word-wrap:break-word\"><a href=\"http://tracking.whmediaevents.com/index.php/campaigns/jx6312rwlp18c/track-url/tt331a6syge05/73cdcf31c4d434f9dcd14c8a845dda47e0756c4e\" target=\"_blank\" style=\"background-color:#ea8f12; border:0 solid #2199e8; border-color:#ea8f12; border-radius:3px; color:#fefefe; display:inline-block; font-family:Helvetica,Arial,sans-serif; font-size:12px; font-weight:700; line-height:1.3; padding:0; text-align:left; text-decoration:none; word-break:keep-all\">Visit Site </a></td></tr></tbody></table></td></tr></tbody></table></th></tr></tbody></table></th></tr></tbody></table><table class=\"row\" style=\"border-collapse:collapse; border-spacing:0; display:table; padding:0; padding-bottom:0; padding-left:0; padding-right:0; padding-top:0; text-align:left; vertical-align:top; width:100%; word-break:keep-all\"><tbody style=\"word-break:keep-all\"><tr style=\"padding-bottom:0; padding-left:0; padding-right:0; padding-top:0; text-align:left; vertical-align:top; word-break:keep-all\"><th class=\"small-12 large-3 columns first\" style=\"margin:0 auto; border-collapse:collapse!important; color:#7B7F82; font-family:Helvetica,Arial,sans-serif; font-size:14px; font-weight:400; line-height:1.3; margin:0 auto; padding-bottom:16px; padding-left:16px; padding-right:8px; padding-top:0; text-align:left; vertical-align:top; width:134px; word-break:keep-all; word-wrap:break-word\"><table style=\"border-collapse:collapse; border-spacing:0; padding-bottom:0; padding-left:0; padding-right:0; padding-top:0; text-align:left; vertical-align:top; width:100%; word-break:keep-all\"><tbody style=\"word-break:keep-all\"><tr style=\"padding-bottom:0; padding-left:0; padding-right:0; padding-top:0; text-align:left; vertical-align:top; word-break:keep-all\"><th style=\"margin:0; border-collapse:collapse!important; color:#7B7F82; font-family:Helvetica,Arial,sans-serif; font-size:14px; font-weight:400; line-height:1.3; margin:0; padding-bottom:0; padding-left:0; padding-right:0; padding-top:0; text-align:left; vertical-align:top; word-break:keep-all; word-wrap:break-word\">&nbsp;</th></tr></tbody></table></th><th class=\"small-12 large-6 columns\" style=\"margin:0 auto; border-collapse:collapse!important; color:#7B7F82; font-family:Helvetica,Arial,sans-serif; font-size:14px; font-weight:400; line-height:1.3; margin:0 auto; padding-bottom:16px; padding-left:8px; padding-right:8px; padding-top:0; text-align:left; vertical-align:top; width:284px; word-break:keep-all; word-wrap:break-word\"><table style=\"border-collapse:collapse; border-spacing:0; padding-bottom:0; padding-left:0; padding-right:0; padding-top:0; text-align:left; vertical-align:top; width:100%; word-break:keep-all\"><tbody style=\"word-break:keep-all\"><tr style=\"padding-bottom:0; padding-left:0; padding-right:0; padding-top:0; text-align:left; vertical-align:top; word-break:keep-all\"><th style=\"margin:0; border-collapse:collapse!important; color:#7B7F82; font-family:Helvetica,Arial,sans-serif; font-size:14px; font-weight:400; line-height:1.3; margin:0; padding-bottom:0; padding-left:0; padding-right:0; padding-top:0; text-align:left; vertical-align:top; word-break:keep-all; word-wrap:break-word\"><p class=\"pt-1 text-center\" style=\"margin:0; margin-bottom:10px; color:#7B7F82; font-family:Helvetica,Arial,sans-serif; font-size:14px; font-weight:400; line-height:1.3; margin:0; margin-bottom:10px; padding-bottom:0; padding-left:0; padding-right:0; padding-top:16px!important; text-align:center; word-break:keep-all\"><span style=\"color:#cc0000\"><strong style=\"color:red; word-break:keep-all\">NEW FOR 2023</strong></span><br style=\"word-break:keep-all\"><strong class=\"idm-colour\" style=\"color:#2b3479; word-break:keep-all\">Identity Management NORDICS 2023 Q4</strong><br style=\"word-break:keep-all\">14<sup style=\"word-break:keep-all\">th</sup> November, 2023<br style=\"word-break:keep-all\">Hilton Stockholm, Stockholm, Sweden</p>&nbsp; <table class=\"button button orange small m-auto\" style=\"margin:0 0 16px 0; border-collapse:collapse; border-spacing:0; color:#ea8f12; font-size:13px; margin:auto!important; padding:0; padding-bottom:0; padding-left:0; padding-right:0; padding-top:0; text-align:left; vertical-align:top; width:auto; word-break:keep-all\"><tbody style=\"word-break:keep-all\"><tr style=\"padding-bottom:0; padding-left:0; padding-right:0; padding-top:0; text-align:left; vertical-align:top; word-break:keep-all\"><td style=\"margin:0; border-collapse:collapse!important; color:#7B7F82; font-family:Helvetica,Arial,sans-serif; font-size:14px; font-weight:400; line-height:1.3; margin:0; padding-bottom:0; padding-left:0; padding-right:0; padding-top:0; text-align:left; vertical-align:top; word-break:keep-all; word-wrap:break-word\"><table style=\"border-collapse:collapse; border-spacing:0; padding-bottom:0; padding-left:0; padding-right:0; padding-top:0; text-align:left; vertical-align:top; width:100%; word-break:keep-all\"><tbody style=\"word-break:keep-all\"><tr style=\"padding-bottom:0; padding-left:0; padding-right:0; padding-top:0; text-align:left; vertical-align:top; word-break:keep-all\"><td style=\"margin:0; background:#ea8f12; border:solid 10px #ea8f12; border-collapse:collapse!important; color:#fefefe; font-family:Helvetica,Arial,sans-serif; font-size:12px; font-weight:400; line-height:1.3; margin:0; padding:0; padding-bottom:0; padding-left:0; padding-right:0; padding-top:0; text-align:left; vertical-align:top; word-break:keep-all; word-wrap:break-word\"><a href=\"http://tracking.whmediaevents.com/index.php/campaigns/jx6312rwlp18c/track-url/tt331a6syge05/4a46ed262bdbdb35391b2e3d1c8330c0c4ca958e\" target=\"_blank\" style=\"background-color:#ea8f12; border:0 solid #2199e8; border-color:#ea8f12; border-radius:3px; color:#fefefe; display:inline-block; font-family:Helvetica,Arial,sans-serif; font-size:12px; font-weight:700; line-height:1.3; padding:0; text-align:left; text-decoration:none; word-break:keep-all\">Visit Site </a></td></tr></tbody></table></td></tr></tbody></table></th></tr></tbody></table></th><th class=\"small-12 large-3 columns last\" style=\"margin:0 auto; border-collapse:collapse!important; color:#7B7F82; font-family:Helvetica,Arial,sans-serif; font-size:14px; font-weight:400; line-height:1.3; margin:0 auto; padding-bottom:16px; padding-left:8px; padding-right:16px; padding-top:0; text-align:left; vertical-align:top; width:134px; word-break:keep-all; word-wrap:break-word\"><table style=\"border-collapse:collapse; border-spacing:0; padding-bottom:0; padding-left:0; padding-right:0; padding-top:0; text-align:left; vertical-align:top; width:100%; word-break:keep-all\"><tbody style=\"word-break:keep-all\"><tr style=\"padding-bottom:0; padding-left:0; padding-right:0; padding-top:0; text-align:left; vertical-align:top; word-break:keep-all\"><th style=\"margin:0; border-collapse:collapse!important; color:#7B7F82; font-family:Helvetica,Arial,sans-serif; font-size:14px; font-weight:400; line-height:1.3; margin:0; padding-bottom:0; padding-left:0; padding-right:0; padding-top:0; text-align:left; vertical-align:top; word-break:keep-all; word-wrap:break-word\">&nbsp;</th></tr></tbody></table></th></tr></tbody></table><table class=\"row\" style=\"border-collapse:collapse; border-spacing:0; display:table; padding:0; padding-bottom:0; padding-left:0; padding-right:0; padding-top:0; text-align:left; vertical-align:top; width:100%; word-break:keep-all\"><tbody style=\"word-break:keep-all\"><tr style=\"padding-bottom:0; padding-left:0; padding-right:0; padding-top:0; text-align:left; vertical-align:top; word-break:keep-all\"><th class=\"pb-0 pt-2 small-2 large-2 columns first\" style=\"margin:0 auto; border-collapse:collapse!important; color:#7B7F82; font-family:Helvetica,Arial,sans-serif; font-size:14px; font-weight:400; line-height:1.3; margin:0 auto; padding-bottom:0; padding-left:16px; padding-right:8px; padding-top:32px!important; text-align:left; vertical-align:top; width:84px; word-break:keep-all; word-wrap:break-word\"><table style=\"border-collapse:collapse; border-spacing:0; padding-bottom:0; padding-left:0; padding-right:0; padding-top:0; text-align:left; vertical-align:top; width:100%; word-break:keep-all\"><tbody style=\"word-break:keep-all\"><tr style=\"padding-bottom:0; padding-left:0; padding-right:0; padding-top:0; text-align:left; vertical-align:top; word-break:keep-all\"><th style=\"margin:0; border-collapse:collapse!important; color:#7B7F82; font-family:Helvetica,Arial,sans-serif; font-size:14px; font-weight:400; line-height:1.3; margin:0; padding-bottom:0; padding-left:0; padding-right:0; padding-top:0; text-align:left; vertical-align:top; word-break:keep-all; word-wrap:break-word\">&nbsp;</th></tr></tbody></table></th><th class=\"text-center pt-2 pb-0 small-8 large-8 columns\" style=\"margin:0 auto; border-collapse:collapse!important; color:#7B7F82; font-family:Helvetica,Arial,sans-serif; font-size:14px; font-weight:400; line-height:1.3; margin:0 auto; padding-bottom:0; padding-left:8px; padding-right:8px; padding-top:32px!important; text-align:center; vertical-align:top; width:384px; word-break:keep-all; word-wrap:break-word\"><table style=\"border-collapse:collapse; border-spacing:0; padding-bottom:0; padding-left:0; padding-right:0; padding-top:0; text-align:left; vertical-align:top; width:100%; word-break:keep-all\"><tbody style=\"word-break:keep-all\"><tr style=\"padding-bottom:0; padding-left:0; padding-right:0; padding-top:0; text-align:left; vertical-align:top; word-break:keep-all\"><th style=\"margin:0; border-collapse:collapse!important; color:#7B7F82; font-family:Helvetica,Arial,sans-serif; font-size:14px; font-weight:400; line-height:1.3; margin:0; padding-bottom:0; padding-left:0; padding-right:0; padding-top:0; text-align:left; vertical-align:top; word-break:keep-all; word-wrap:break-word\"><table class=\"button expanded orange\" style=\"margin:0 0 16px 0; border-collapse:collapse; border-spacing:0; color:#ea8f12; margin:0 0 16px 0; padding:0; padding-bottom:0; padding-left:0; padding-right:0; padding-top:0; text-align:left; vertical-align:top; width:100%; word-break:keep-all\"><tbody style=\"word-break:keep-all\"><tr style=\"padding-bottom:0; padding-left:0; padding-right:0; padding-top:0; text-align:left; vertical-align:top; word-break:keep-all\"><td style=\"margin:0; border-collapse:collapse!important; color:#7B7F82; font-family:Helvetica,Arial,sans-serif; font-size:14px; font-weight:400; line-height:1.3; margin:0; padding-bottom:0; padding-left:0; padding-right:0; padding-top:0; text-align:left; vertical-align:top; width:100%; word-break:keep-all; word-wrap:break-word\"><table style=\"border-collapse:collapse; border-spacing:0; padding-bottom:0; padding-left:0; padding-right:0; padding-top:0; text-align:left; vertical-align:top; width:100%; word-break:keep-all\"><tbody style=\"word-break:keep-all\"><tr style=\"padding-bottom:0; padding-left:0; padding-right:0; padding-top:0; text-align:left; vertical-align:top; word-break:keep-all\"><td style=\"margin:0; background:#ea8f12; border:solid 10px #ea8f12; border-collapse:collapse!important; color:#fefefe; font-family:Helvetica,Arial,sans-serif; font-size:14px; font-weight:400; line-height:1.3; margin:0; padding-bottom:0; padding-left:0; padding-right:0; padding-top:0; text-align:left; vertical-align:top; width:100%; word-break:keep-all; word-wrap:break-word\"><center style=\"min-width:0; width:100%; word-break:keep-all\"><a align=\"center\" class=\"float-center\" href=\"mailto:richard.lions@whmmarketing.co.uk?subject=Request%20a%20Media%20Pack%20for%20IDM%202023\" target=\"_blank\" style=\"background-color:#ea8f12; border:0 solid #2199e8; border-color:#ea8f12; border-radius:3px; color:#fefefe; display:inline-block; font-family:Helvetica,Arial,sans-serif; font-size:16px; font-weight:700; line-height:1.3; padding:8px 16px 8px 16px; padding-left:0; padding-right:0; text-align:center; text-decoration:none; width:100%; word-break:keep-all\">Request a Sponsorship Media Pack </a></center></td></tr></tbody></table></td><td class=\"expander\" style=\"margin:0; border-collapse:collapse!important; color:#7B7F82; font-family:Helvetica,Arial,sans-serif; font-size:14px; font-weight:400; line-height:1.3; margin:0; padding:0!important; padding-bottom:0; padding-left:0; padding-right:0; padding-top:0; text-align:left; vertical-align:top; visibility:hidden; width:0; word-break:keep-all; word-wrap:break-word\">&nbsp;</td></tr></tbody></table></th></tr></tbody></table></th><th class=\"pt-2 pb-0 small-2 large-2 columns last\" style=\"margin:0 auto; border-collapse:collapse!important; color:#7B7F82; font-family:Helvetica,Arial,sans-serif; font-size:14px; font-weight:400; line-height:1.3; margin:0 auto; padding-bottom:0; padding-left:8px; padding-right:16px; padding-top:32px!important; text-align:left; vertical-align:top; width:84px; word-break:keep-all; word-wrap:break-word\"><table style=\"border-collapse:collapse; border-spacing:0; padding-bottom:0; padding-left:0; padding-right:0; padding-top:0; text-align:left; vertical-align:top; width:100%; word-break:keep-all\"><tbody style=\"word-break:keep-all\"><tr style=\"padding-bottom:0; padding-left:0; padding-right:0; padding-top:0; text-align:left; vertical-align:top; word-break:keep-all\"><th style=\"margin:0; border-collapse:collapse!important; color:#7B7F82; font-family:Helvetica,Arial,sans-serif; font-size:14px; font-weight:400; line-height:1.3; margin:0; padding-bottom:0; padding-left:0; padding-right:0; padding-top:0; text-align:left; vertical-align:top; word-break:keep-all; word-wrap:break-word\">&nbsp;</th></tr></tbody></table></th></tr></tbody></table><table class=\"row\" style=\"border-collapse:collapse; border-spacing:0; display:table; padding:0; padding-bottom:0; padding-left:0; padding-right:0; padding-top:0; text-align:left; vertical-align:top; width:100%; word-break:keep-all\"><tbody style=\"word-break:keep-all\"><tr style=\"padding-bottom:0; padding-left:0; padding-right:0; padding-top:0; text-align:left; vertical-align:top; word-break:keep-all\"><th class=\"pt-2 small-12 large-12 columns first last\" style=\"margin:0; border-collapse:collapse!important; color:#7B7F82; display:block; font-family:Helvetica,Arial,sans-serif; font-size:14px; font-weight:400; line-height:1.3; margin:0; padding-bottom:16px; padding-left:16px; padding-right:16px; padding-top:32px!important; text-align:left; vertical-align:top; width:584px; word-break:keep-all; word-wrap:break-word\"><table style=\"border-collapse:collapse; border-spacing:0; padding-bottom:0; padding-left:0; padding-right:0; padding-top:0; text-align:left; vertical-align:top; width:100%; word-break:keep-all\"><tbody style=\"word-break:keep-all\"><tr style=\"padding-bottom:0; padding-left:0; padding-right:0; padding-top:0; text-align:left; vertical-align:top; word-break:keep-all\"><th style=\"margin:0; border-collapse:collapse!important; color:#7B7F82; font-family:Helvetica,Arial,sans-serif; font-size:14px; font-weight:400; line-height:1.3; margin:0; padding-bottom:0; padding-left:0; padding-right:0; padding-top:0; text-align:left; vertical-align:top; word-break:keep-all; word-wrap:break-word\"><p style=\"margin:0; margin-bottom:10px; color:#7B7F82; font-family:Helvetica,Arial,sans-serif; font-size:14px; font-weight:400; line-height:1.3; margin:0; margin-bottom:10px; padding-bottom:0; padding-left:0; padding-right:0; padding-top:0; text-align:left; word-break:keep-all\"><strong style=\"word-break:keep-all\">Summary of Sponsorship Packages:</strong></p><p style=\"margin:0; margin-bottom:10px; color:#7B7F82; font-family:Helvetica,Arial,sans-serif; font-size:14px; font-weight:400; line-height:1.3; margin:0; margin-bottom:10px; padding-bottom:0; padding-left:0; padding-right:0; padding-top:0; text-align:left; word-break:keep-all\"><strong style=\"word-break:keep-all\">Platinum Sponsor – 15 Mins Plenary Speaker Slot<br style=\"word-break:keep-all\">Gold Sponsor – 45 Mins Seminar Workshop<br style=\"word-break:keep-all\">Silver Plus Sponsor – 15 Mins Client Led Plenary Speaker<br style=\"word-break:keep-all\">Silver Sponsor – Exhibition Stand</strong></p><p style=\"margin:0; margin-bottom:10px; color:#7B7F82; font-family:Helvetica,Arial,sans-serif; font-size:14px; font-weight:400; line-height:1.3; margin:0; margin-bottom:10px; padding-bottom:0; padding-left:0; padding-right:0; padding-top:0; text-align:left; word-break:keep-all\">Whitehall Media’s full calendar of events for 2023 can also be found online at:<br style=\"word-break:keep-all\"><a href=\"http://tracking.whmediaevents.com/index.php/campaigns/jx6312rwlp18c/track-url/tt331a6syge05/4d99ffcb5fb68e3a62d7dbbb59da8e95636a6e90\" style=\"color:#2b3479; font-family:Helvetica,Arial,sans-serif; font-weight:400; line-height:1.3; padding:0; text-align:left; text-decoration:none; word-break:keep-all\">https://whitehallmedia.co.uk/</a></p><p style=\"margin:0; margin-bottom:10px; color:#7B7F82; font-family:Helvetica,Arial,sans-serif; font-size:14px; font-weight:400; line-height:1.3; margin:0; margin-bottom:10px; padding-bottom:0; padding-left:0; padding-right:0; padding-top:0; text-align:left; word-break:keep-all\">For more information or to request a media pack, again please contact Richard on <a href=\"http://tracking.whmediaevents.com/index.php/campaigns/jx6312rwlp18c/track-url/tt331a6syge05/beb374850e0a0404ef3af9a1fc051a4897d043b2\" style=\"color:#2b3479; font-family:Helvetica,Arial,sans-serif; font-weight:400; line-height:1.3; padding:0; text-align:left; text-decoration:none; word-break:keep-all\">richard.lions@whmmarketing.co.uk</a></p></th><th class=\"expander\" style=\"margin:0; border-collapse:collapse!important; color:#7B7F82; font-family:Helvetica,Arial,sans-serif; font-size:14px; font-weight:400; line-height:1.3; margin:0; padding:0!important; padding-bottom:0; padding-left:0; padding-right:0; padding-top:0; text-align:left; vertical-align:top; visibility:hidden; width:0; word-break:keep-all; word-wrap:break-word\">&nbsp;</th></tr></tbody></table></th></tr></tbody></table></td></tr></tbody></table><table align=\"center\" class=\"wrapper site-footer\" style=\"border-collapse:collapse; border-spacing:0; padding-bottom:0; padding-left:0; padding-right:0; padding-top:0; text-align:left; vertical-align:top; width:100%; word-break:keep-all\"><tbody style=\"word-break:keep-all\"><tr style=\"padding-bottom:0; padding-left:0; padding-right:0; padding-top:0; text-align:left; vertical-align:top; word-break:keep-all\"><td class=\"wrapper-inner\" style=\"margin:0; border-collapse:collapse!important; color:#7B7F82; font-family:Helvetica,Arial,sans-serif; font-size:14px; font-weight:400; line-height:1.3; margin:0; padding-bottom:0; padding-left:0; padding-right:0; padding-top:0; text-align:left; vertical-align:top; word-break:keep-all; word-wrap:break-word\"><table class=\"row\" style=\"border-collapse:collapse; border-spacing:0; display:table; padding:0; padding-bottom:0; padding-left:0; padding-right:0; padding-top:0; text-align:left; vertical-align:top; width:100%; word-break:keep-all\"><tbody style=\"word-break:keep-all\"><tr style=\"padding-bottom:0; padding-left:0; padding-right:0; padding-top:0; text-align:left; vertical-align:top; word-break:keep-all\"><th class=\"small-12 large-12 columns first last\" style=\"margin:0; border-collapse:collapse!important; color:#7B7F82; display:block; font-family:Helvetica,Arial,sans-serif; font-size:14px; font-weight:400; line-height:1.3; margin:0; padding-bottom:16px; padding-left:16px; padding-right:16px; padding-top:0; text-align:left; vertical-align:top; width:584px; word-break:keep-all; word-wrap:break-word\"><table style=\"border-collapse:collapse; border-spacing:0; padding-bottom:0; padding-left:0; padding-right:0; padding-top:0; text-align:left; vertical-align:top; width:100%; word-break:keep-all\"><tbody style=\"word-break:keep-all\"><tr style=\"padding-bottom:0; padding-left:0; padding-right:0; padding-top:0; text-align:left; vertical-align:top; word-break:keep-all\"><th style=\"margin:0; border-collapse:collapse!important; color:#7B7F82; font-family:Helvetica,Arial,sans-serif; font-size:14px; font-weight:400; line-height:1.3; margin:0; padding-bottom:0; padding-left:0; padding-right:0; padding-top:0; text-align:left; vertical-align:top; word-break:keep-all; word-wrap:break-word\"><p style=\"margin:0; margin-bottom:10px; color:#7B7F82; font-family:Helvetica,Arial,sans-serif; font-size:14px; font-weight:400; line-height:1.3; margin:0; margin-bottom:10px; padding-bottom:0; padding-left:0; padding-right:0; padding-top:0; text-align:left; word-break:keep-all\">Do feel free to forward onto colleagues of relevance, I look forward to your response.</p><p style=\"margin:0; margin-bottom:10px; color:#7B7F82; font-family:Helvetica,Arial,sans-serif; font-size:14px; font-weight:400; line-height:1.3; margin:0; margin-bottom:10px; padding-bottom:0; padding-left:0; padding-right:0; padding-top:0; text-align:left; word-break:keep-all\">Kind Regards</p><p class=\"text-center\" style=\"margin:0; margin-bottom:10px; color:#7B7F82; font-family:Helvetica,Arial,sans-serif; font-size:14px; font-weight:400; line-height:1.3; margin:0; margin-bottom:10px; padding-bottom:0; padding-left:0; padding-right:0; padding-top:0; text-align:center; word-break:keep-all\"><a href=\"http://tracking.whmediaevents.com/index.php/campaigns/jx6312rwlp18c/track-url/tt331a6syge05/beb374850e0a0404ef3af9a1fc051a4897d043b2\" style=\"color:#2b3479; font-family:Helvetica,Arial,sans-serif; font-weight:400; line-height:1.3; padding:0; text-align:left; text-decoration:none; word-break:keep-all\">richard.lions@whmmarketing.co.uk</a><br style=\"word-break:keep-all\">Tweet: @WhitehallMedia #wmidm<br style=\"word-break:keep-all\">Centurion House, 129 Deansgate, Manchester, M3 3WR</p><p class=\"small text-center pt-1\" style=\"margin:0; margin-bottom:10px; color:#7B7F82; font-family:Helvetica,Arial,sans-serif; font-size:13px; font-weight:400; line-height:1.3; margin:0; margin-bottom:10px; padding-bottom:0; padding-left:0; padding-right:0; padding-top:16px!important; text-align:center; word-break:keep-all\">Registered address: Whitehall Media, 56 Chorley New Road, Bolton, BL1 4AP<br style=\"word-break:keep-all\">Registered in England and Wales No: 5929896<br style=\"word-break:keep-all\">VAT Registration No: 892475285</p></th><th class=\"expander\" style=\"margin:0; border-collapse:collapse!important; color:#7B7F82; font-family:Helvetica,Arial,sans-serif; font-size:14px; font-weight:400; line-height:1.3; margin:0; padding:0!important; padding-bottom:0; padding-left:0; padding-right:0; padding-top:0; text-align:left; vertical-align:top; visibility:hidden; width:0; word-break:keep-all; word-wrap:break-word\">&nbsp;</th></tr></tbody></table></th></tr></tbody></table><table class=\"row main-header\" style=\"border-collapse:collapse; border-spacing:0; display:table; padding:0; padding-bottom:0; padding-left:0; padding-right:0; padding-top:0; text-align:left; vertical-align:top; width:100%; word-break:keep-all\"><tbody style=\"word-break:keep-all\"><tr style=\"padding-bottom:0; padding-left:0; padding-right:0; padding-top:0; text-align:left; vertical-align:top; word-break:keep-all\"><th class=\"main-logo small-12 large-12 columns first last\" style=\"margin:0; border-collapse:collapse!important; color:#7B7F82; display:block; font-family:Helvetica,Arial,sans-serif; font-size:14px; font-weight:400; line-height:1.3; margin:0; padding-bottom:16px; padding-left:16px; padding-right:16px; padding-top:0; text-align:left; vertical-align:top; width:584px; word-break:keep-all; word-wrap:break-word\"><table style=\"border-collapse:collapse; border-spacing:0; padding-bottom:0; padding-left:0; padding-right:0; padding-top:0; text-align:left; vertical-align:top; width:100%; word-break:keep-all\"><tbody style=\"word-break:keep-all\"><tr style=\"padding-bottom:0; padding-left:0; padding-right:0; padding-top:0; text-align:left; vertical-align:top; word-break:keep-all\"><th style=\"margin:0; border-collapse:collapse!important; color:#7B7F82; font-family:Helvetica,Arial,sans-serif; font-size:14px; font-weight:400; line-height:1.3; margin:0; padding-bottom:0; padding-left:0; padding-right:0; padding-top:0; text-align:left; vertical-align:top; word-break:keep-all; word-wrap:break-word\"><center style=\"min-width:552px; width:100%; word-break:keep-all\"><a href=\"http://tracking.whmediaevents.com/index.php/campaigns/jx6312rwlp18c/track-url/tt331a6syge05/d006af1f235883077b240a56d81c7f37cbdd1615\" rel=\"noopener\" target=\"_blank\" style=\"color:#2b3479; font-family:Helvetica,Arial,sans-serif; font-weight:400; line-height:1.3; padding:0; text-align:left; text-decoration:none; word-break:keep-all\"><img align=\"center\" alt=\"\" class=\"float-center\" src=\"https://whitehallmedia.co.uk/wordpress/wp-content/uploads/2018/03/whitehallmedia-logo.png\" style=\"margin:0 auto; border:none; clear:both; display:block; float:none; margin:0 auto; max-width:100%; outline:0; text-align:center; text-decoration:none; width:auto; word-break:keep-all\"></a><br><span style=\"font-size:9px\"><strong><a href=\"http://tracking.whmediaevents.com/index.php/campaigns/jx6312rwlp18c/track-url/tt331a6syge05/a406dfd93601eb45cd60f371fab3f5aed2f8f377\">View Online</a></strong><br><a data-unsubtag=\"_DIRECT_UNSUBSCRIBE_URL_\" href=\"http://tracking.whmediaevents.com/index.php/campaigns/jx6312rwlp18c/track-url/tt331a6syge05/2d6920623d27ca750ed6554cc447aea43b134cef\">Unsubscribe</a></span></center></th><th class=\"expander\" style=\"margin:0; border-collapse:collapse!important; color:#7B7F82; font-family:Helvetica,Arial,sans-serif; font-size:14px; font-weight:400; line-height:1.3; margin:0; padding:0!important; padding-bottom:0; padding-left:0; padding-right:0; padding-top:0; text-align:left; vertical-align:top; visibility:hidden; width:0; word-break:keep-all; word-wrap:break-word\">&nbsp;</th></tr></tbody></table></th></tr></tbody></table></td></tr></tbody></table></td></tr></tbody></table></center></td></tr></tbody></table><div style=\"display:none; font:15px courier; line-height:0; white-space:nowrap; word-break:keep-all\">&nbsp; &nbsp; &nbsp; &nbsp; &nbsp; &nbsp; &nbsp; &nbsp; &nbsp; &nbsp; &nbsp; &nbsp; &nbsp; &nbsp; &nbsp; &nbsp; &nbsp; &nbsp; &nbsp; &nbsp; &nbsp; &nbsp; &nbsp; &nbsp; &nbsp; &nbsp; &nbsp; &nbsp; &nbsp; &nbsp;</div><img width=\"1\" height=\"1\" src=\"http://tracking.whmediaevents.com/index.php/campaigns/jx6312rwlp18c/track-opening/tt331a6syge05\" alt=\"\"> </div></body></html>"},"Subject":"[EXTERNAL] - Identity Access Management Events 2023; Sponsorship available"}