{"EmailUniqueId":"AAMkADY3MzMyZDI2LTIzZjQtNDhmZi05YjYyLTY4Y2Y1MmM4OTI1YgBGAAAAAAA1YDzIIl-wR4G57gtDFXI4BwCeAOdpD2vXRIaa5vXJvYnJAAAAAAEMAACeAOdpD2vXRIaa5vXJvYnJAAAGzVBvAAA=","EmailCreatedDateTime":"2023-07-31T12:40:42Z","HasAttachment":false,"FromName":"Deepak Sharma","FromEmailAddress":"deepak.sharma@beyondkey.com","ToName":"Contact","ToEmailAddress":"Contact@beyondkey.com","conversationId":"AAQkADY3MzMyZDI2LTIzZjQtNDhmZi05YjYyLTY4Y2Y1MmM4OTI1YgAQAHg0wC1v7cJNsn9VImd6rOk=","parentFolderId":"AAMkADY3MzMyZDI2LTIzZjQtNDhmZi05YjYyLTY4Y2Y1MmM4OTI1YgAuAAAAAAA1YDzIIl-wR4G57gtDFXI4AQCeAOdpD2vXRIaa5vXJvYnJAAAAAAEMAAA=","isRead":false,"Body":{"contentType":"html","content":"<html><head>\r\n<meta http-equiv=\"Content-Type\" content=\"text/html; charset=utf-8\"></head><body><p></p><style type=\"text/css\">\r\n<!--\r\ndiv, p, a, li, td\r\n\t{}\r\nbody\r\n\t{width:100%;\r\n\tbackground-color:#fff;\r\n\tmargin:0;\r\n\tpadding:0}\r\nhtml\r\n\t{width:100%}\r\na\r\n\t{color:#273d45;\r\n\ttext-decoration:underline}\r\na:hover\r\n\t{color:#8db655}\r\n-->\r\n</style><table align=\"center\" border=\"0\" cellpadding=\"0\" cellspacing=\"0\" width=\"100%\"><tbody><tr><td valign=\"top\" width=\"100%\" style=\"padding-left:10px; padding-top:10px\"><table align=\"left\" border=\"0\" width=\"648\" cellpadding=\"0\" cellspacing=\"0\"><tbody><tr><td style=\"border:1px solid #ddd\"><table cellpadding=\"0\" cellspacing=\"0\" bgcolor=\"#FFF\" border=\"0\" width=\"100%\"><tbody><tr><td style=\"padding:15px; border-bottom:1px solid #c5c5c5\"><img src=\"https://www.rightcause.net/static/media/logo.18d5b84581ff7ad893a8.png\" alt=\"Right Cause - Demo inquiry\" title=\"Right Cause - Demo inquiry\"></td></tr><tr><td style=\"padding:0\"><table align=\"center\" border=\"0\" width=\"100%\"><tbody><tr valign=\"top\"><td valign=\"top\" style=\"padding:10px 15px; padding-top:15px\"><p style=\"font-size:18px; padding:0; color:#404040; margin:0; font-family:Calibri\">Dear Team, </p></td></tr><tr valign=\"top\"><td valign=\"top\" style=\"padding:10px 15px; padding-top:15px\"><p style=\"font-size:18px; padding:0; color:#404040; margin:0; font-family:Calibri\">You have received an inquiry from <a href=\"#\" style=\"color:#1471b9; font-family:Calibri; font-size:16px; text-decoration:underline\">www.rightcause.net</a>. Here are the captured details: - </p></td></tr><tr valign=\"top\"><td style=\"padding:0 15px; font-size:16px; font-family:Calibri\"><table cellpadding=\"3\" cellspacing=\"0\" style=\"border:1px solid #ebebeb; width:100%\"><tbody><tr><td align=\"left\" width=\"180\" valign=\"top\" style=\"vertical-align:top; padding:8px\"><p style=\"font-family:Calibri; font-size:16px; padding:0; color:#404040; text-align:right; text-transform:uppercase; margin:0\"><strong>First Name:</strong></p></td><td align=\"left\" valign=\"top\" style=\"padding:8px; font-family:Calibri; font-size:16px; vertical-align:top; color:#404040\"><p style=\"font-family:Calibri; font-size:16px; padding:0; color:#404040; text-align:left; margin:0\">shivani </p></td></tr><tr><td align=\"left\" width=\"180\" valign=\"top\" style=\"vertical-align:top; padding:8px\"><p style=\"font-family:Calibri; font-size:16px; padding:0; color:#404040; text-align:right; text-transform:uppercase; margin:0\"><strong>Last Name:</strong></p></td><td align=\"left\" valign=\"top\" style=\"padding:8px; font-family:Calibri; font-size:16px; vertical-align:top; color:#404040\"><p style=\"font-family:Calibri; font-size:16px; padding:0; color:#404040; text-align:left; margin:0\">upadhyay </p></td></tr><tr><td align=\"left\" width=\"180\" valign=\"top\" style=\"vertical-align:top; padding:8px\"><p style=\"font-family:Calibri; font-size:16px; padding:0; color:#404040; text-align:right; text-transform:uppercase; margin:0\"><strong>Organization:</strong></p></td><td align=\"left\" valign=\"top\" style=\"padding:8px; font-family:Calibri; font-size:16px; vertical-align:top; color:#404040\"><p style=\"font-family:Calibri; font-size:16px; padding:0; color:#404040; text-align:left; margin:0\">Beyond Key </p></td></tr><tr><td align=\"left\" width=\"180\" valign=\"top\" style=\"vertical-align:top; padding:8px\"><p style=\"font-family:Calibri; font-size:16px; padding:0; color:#404040; text-align:right; text-transform:uppercase; margin:0\"><strong>Job Title:</strong></p></td><td align=\"left\" valign=\"top\" style=\"padding:8px; font-family:Calibri; font-size:16px; vertical-align:top; color:#404040\"><p style=\"font-family:Calibri; font-size:16px; padding:0; color:#404040; text-align:left; margin:0\">test </p></td></tr><tr><td align=\"left\" width=\"180\" valign=\"top\" style=\"vertical-align:top; padding:8px\"><p style=\"font-family:Calibri; font-size:16px; padding:0; color:#404040; text-align:right; text-transform:uppercase; margin:0\"><strong>Employee Size:</strong></p></td><td align=\"left\" valign=\"top\" style=\"padding:8px; font-family:Calibri; font-size:16px; vertical-align:top; color:#404040\"><p style=\"font-family:Calibri; font-size:16px; padding:0; color:#404040; text-align:left; margin:0\">51-200 </p></td></tr><tr><td align=\"left\" width=\"180\" valign=\"top\" style=\"vertical-align:top; padding:8px\"><p style=\"font-family:Calibri; font-size:16px; padding:0; color:#404040; text-align:right; text-transform:uppercase; margin:0\"><strong>Work Email:</strong></p></td><td align=\"left\" valign=\"top\" style=\"padding:8px; font-family:Calibri; font-size:16px; vertical-align:top; color:#404040\"><p style=\"font-family:Calibri; font-size:16px; padding:0; color:#404040; text-align:left; margin:0\">shivani.upadhyay@beyondkey.com </p></td></tr><tr><td align=\"left\" width=\"180\" valign=\"top\" style=\"vertical-align:top; padding:8px\"><p style=\"font-family:Calibri; font-size:16px; padding:0; color:#404040; text-align:right; text-transform:uppercase; margin:0\"><strong>Phone No.:</strong></p></td><td align=\"left\" valign=\"top\" style=\"padding:8px; font-family:Calibri; font-size:16px; vertical-align:top; color:#404040\"><p style=\"font-family:Calibri; font-size:16px; padding:0; color:#404040; text-align:left; margin:0\"></p></td></tr><tr><td align=\"left\" width=\"180\" valign=\"top\" style=\"vertical-align:top; padding:8px\"><p style=\"font-family:Calibri; font-size:16px; padding:0; color:#404040; text-align:right; text-transform:uppercase; margin:0\"><strong>Area of Interest:</strong></p></td><td align=\"left\" valign=\"top\" style=\"padding:8px; font-family:Calibri; font-size:16px; vertical-align:top; color:#404040\"><p style=\"font-family:Calibri; font-size:16px; padding:0; color:#404040; text-align:left; margin:0\">Donation Management,Fundraising </p></td></tr><tr><td align=\"left\" width=\"180\" valign=\"top\" style=\"vertical-align:top; padding:8px\"><p style=\"font-family:Calibri; font-size:16px; padding:0; color:#404040; text-align:right; text-transform:uppercase; margin:0\"><strong>Message:</strong></p></td><td align=\"left\" valign=\"top\" style=\"padding:8px; font-family:Calibri; font-size:16px; vertical-align:top; color:#404040\"><p style=\"font-family:Calibri; font-size:16px; padding:0; color:#404040; text-align:left; margin:0\">test </p></td></tr></tbody></table></td></tr><tr valign=\"top\"><td valign=\"top\" style=\"padding:10px 15px; padding-top:15px\"><p style=\"font-size:18px; padding:0; color:#404040; margin:0; font-family:Calibri\">Kindly take it ahead. <br><br></p></td></tr><tr><td height=\"3\"></td></tr><tr><td height=\"20\">&nbsp;</td></tr><tr><td style=\"color:#666666; font-family:Verdana,Geneva,sans-serif; font-weight:400; font-size:10px; line-height:13px; text-align:left; padding:5px 15px\"><i>CAUTION:</i> This message may contain privileged and confidential information intended only for the use of the addressee named above. If you are not the intended recipient of this message, you are hereby notified that any use, dissemination, distribution, or reproduction of this message is prohibited. If you have received this message in error, please notify BeyondIntranet.com immediately. Any views expressed in this message are those of the individual sender and may not necessarily reflect the views of BeyondIntranet.com. Please refer to our <a href=\"https://www.beyondintranet.com/privacypolicy\">Privacy Policy</a>. </td></tr></tbody></table></td></tr></tbody></table></td></tr></tbody></table></td></tr></tbody></table></body></html>"},"Subject":"Inquiry for Right Cause"}