{"EmailUniqueId":"AAMkADY3MzMyZDI2LTIzZjQtNDhmZi05YjYyLTY4Y2Y1MmM4OTI1YgBGAAAAAAA1YDzIIl-wR4G57gtDFXI4BwCeAOdpD2vXRIaa5vXJvYnJAAAAAAEMAACeAOdpD2vXRIaa5vXJvYnJAAAGzVBzAAA=","EmailCreatedDateTime":"2023-07-31T13:55:28Z","HasAttachment":false,"FromName":"Deepak Sharma","FromEmailAddress":"deepak.sharma@beyondkey.com","ToName":"Contact","ToEmailAddress":"Contact@beyondkey.com","conversationId":"AAQkADY3MzMyZDI2LTIzZjQtNDhmZi05YjYyLTY4Y2Y1MmM4OTI1YgAQAEHs6jeVVMVNln4MdkhNMdg=","parentFolderId":"AAMkADY3MzMyZDI2LTIzZjQtNDhmZi05YjYyLTY4Y2Y1MmM4OTI1YgAuAAAAAAA1YDzIIl-wR4G57gtDFXI4AQCeAOdpD2vXRIaa5vXJvYnJAAAAAAEMAAA=","isRead":false,"Body":{"contentType":"html","content":"<html><head>\r\n<meta http-equiv=\"Content-Type\" content=\"text/html; charset=utf-8\"><meta content=\"IE=edge\"><meta content=\"width=device-width, initial-scale=1\" name=\"viewport\"></head><body bgcolor=\"#ffffff\" style=\"background-color:#ffffff; margin:0; padding:0\"><p></p><div style=\"background-color:#ffeb9c; width:100%; border:1px solid #FFEB9C; padding:2pt; border-style:solid; border-color:#9C6500\">CAUTION: This email originated from outside of the organization. Do not click links or open attachments unless you recognize the sender and know the content is safe.</div><p></p><div><style type=\"text/css\">\r\n<!--\r\n@font-face\r\n\t{font-family:'Open Sans'!important;\r\n\tfont-style:normal!important;\r\n\tfont-weight:400!important;\r\n\tfont-stretch:normal!important}\r\n@font-face\r\n\t{font-family:'Montserrat'!important;\r\n\tfont-style:normal!important;\r\n\tfont-weight:700!important}\r\n-->\r\n</style><div style=\"background-color:#ffffff\"><div style=\"max-width:778px; margin:0px auto\"><table align=\"center\" border=\"0\" cellpadding=\"0\" cellspacing=\"0\" role=\"presentation\" style=\"width:100%; border-collapse:collapse\"><tbody><tr><td align=\"center\" style=\"direction:ltr; font-size:0px; text-align:center; border-collapse:collapse; padding:10px 0\"><div class=\"mj-column-per-50 mj-outlook-group-fix\" align=\"left\" style=\"font-size:0px; text-align:left; direction:ltr; display:inline-block; vertical-align:top; width:50%!important; max-width:50%\"><table border=\"0\" cellpadding=\"0\" cellspacing=\"0\" role=\"presentation\" width=\"100%\" style=\"border-collapse:collapse\"><tbody><tr><td valign=\"top\" style=\"vertical-align:top; border-collapse:collapse; padding:0\"><table border=\"0\" cellpadding=\"0\" cellspacing=\"0\" role=\"presentation\" width=\"100%\" style=\"border-collapse:collapse\"><tbody><tr><td align=\"left\" style=\"font-size:0px; word-break:break-word; border-collapse:collapse; padding:0 25px\"><table border=\"0\" cellpadding=\"0\" cellspacing=\"0\" role=\"presentation\" style=\"border-collapse:collapse; border-spacing:0px\"><tbody><tr><td style=\"width:143px; border-collapse:collapse\"><a href=\"https://www.einpresswire.com/\" target=\"_blank\"><img alt=\"EIN Presswire\" height=\"33\" src=\"https://www.einpresswire.com/images/2019/EIN_Presswire_logo_143x33.png\" width=\"143\" style=\"display:block; outline:none; text-decoration:none; height:33px; width:100%; font-size:13px; line-height:100%; border:0\"> </a></td></tr></tbody></table></td></tr></tbody></table></td></tr></tbody></table></div><div class=\"mj-column-per-50 mj-outlook-group-fix\" align=\"left\" style=\"font-size:0px; text-align:left; direction:ltr; display:inline-block; vertical-align:top; width:50%!important; max-width:50%\"><table border=\"0\" cellpadding=\"0\" cellspacing=\"0\" role=\"presentation\" width=\"100%\" style=\"border-collapse:collapse\"><tbody><tr><td valign=\"top\" style=\"vertical-align:top; border-collapse:collapse; padding:9px 0\"><table border=\"0\" cellpadding=\"0\" cellspacing=\"0\" role=\"presentation\" width=\"100%\" style=\"border-collapse:collapse\"><tbody><tr><td align=\"right\" class=\"text-mob-left-desc-right\" style=\"font-size:0px; word-break:break-word; border-collapse:collapse; padding:0 25px\"><div align=\"left !important\" style=\"font-family:Open Sans,sans-serif; font-size:12px; letter-spacing:0.6px; line-height:1; text-align:left!important; color:#999999\">Questions? +1 202-335-3939</div></td></tr></tbody></table></td></tr></tbody></table></div></td></tr></tbody></table></div><div style=\"max-width:778px; margin:0px auto\"><table align=\"center\" border=\"0\" cellpadding=\"0\" cellspacing=\"0\" role=\"presentation\" style=\"width:100%; border-collapse:collapse\"><tbody><tr><td align=\"center\" style=\"direction:ltr; font-size:0px; text-align:center; border-collapse:collapse; padding:0px\"><div class=\"mj-column-per-100 mj-outlook-group-fix\" align=\"left\" style=\"font-size:0px; text-align:left; direction:ltr; display:inline-block; vertical-align:top; width:100%!important; max-width:100%\"><table border=\"0\" cellpadding=\"0\" cellspacing=\"0\" role=\"presentation\" width=\"100%\" style=\"border-collapse:collapse\"><tbody><tr><td bgcolor=\"#3e3e40\" valign=\"top\" style=\"vertical-align:top; border-collapse:collapse; background-color:#3e3e40; padding:32px 0px 0\"><table border=\"0\" cellpadding=\"0\" cellspacing=\"0\" role=\"presentation\" width=\"100%\" style=\"border-collapse:collapse\"></table></td></tr></tbody></table></div></td></tr></tbody></table></div><div style=\"max-width:778px; margin:0px auto\"><table align=\"center\" border=\"0\" cellpadding=\"0\" cellspacing=\"0\" role=\"presentation\" style=\"width:100%; border-collapse:collapse\"><tbody><tr><td align=\"center\" style=\"direction:ltr; font-size:0px; text-align:center; border-collapse:collapse; padding:14px 0\"><div class=\"mj-column-per-100 mj-outlook-group-fix\" align=\"left\" style=\"font-size:0px; text-align:left; direction:ltr; display:inline-block; vertical-align:top; width:100%!important; max-width:100%\"><table border=\"0\" cellpadding=\"0\" cellspacing=\"0\" role=\"presentation\" width=\"100%\" style=\"vertical-align:top; border-collapse:collapse\"><tbody><tr><td align=\"left\" style=\"font-size:0px; word-break:break-word; border-collapse:collapse; padding:10px 25px\"><div align=\"left\" style=\"font-family:Montserrat,sans-serif; font-size:30px; font-weight:700; line-height:40px; text-align:left; color:#212121\">DO YOU HAVE NEWS TO SHARE?</div></td></tr><tr><td align=\"left\" style=\"font-size:0px; word-break:break-word; border-collapse:collapse; padding:10px 25px\"><div align=\"left\" style=\"font-family:Open Sans,sans-serif; font-size:14px; letter-spacing:0.7px; line-height:21px; text-align:left; color:#3e3e40\">Consider this:<br><br>Get 2 FREE releases with any purchase of a Pro+ bundle this week.<br><br>For only $399 - that's less than $57 each - you'll have 7 feature-rich press releases to distribute through EIN Presswire.<br><br>Reach out through the EIN Presswire distribution platform with feature-rich options and targeting.<br><br>Interested? Visit: <a href=\"https://www.einpresswire.com/pricing?promo=4245\" rel=\"external nofollow\" target=\"_blank\">https://www.einpresswire.com/pricing</a><br><br>Use them anytime during the next 12 months.<br><br>If you have any questions, please call me at +1 (202) 335-3939. If you want to speak with us in Europe, please call +44 20 8036 3949.<br><br>Best regards,<br><br>David Rothstein<br>EIN Presswire<br>Washington, DC<br><a href=\"https://www.einpresswire.com/\" rel=\"external nofollow\" target=\"_blank\">https://www.einpresswire.com/</a><br><br>Member, National Press Club, Washington, DC<br>Member, Online News Association<br>Member, Public Relations Society of America </div></td></tr><tr><td align=\"left\" style=\"font-size:0px; word-break:break-word; border-collapse:collapse; padding:83px 25px 10px\"><div align=\"left\" style=\"font-family:Open Sans,sans-serif; font-size:12px; line-height:20px; text-align:left; color:#9b9d9f\">This email was sent to <b style=\"color:#2164cf; text-decoration:underline\">contact@beyondkey.com</b> <a href=\"https://www.einnews.com/email_preferences/-etHDduyLanb58mxgL1fBPe6eZQ1hENW2kbiSJ21w67oZOyynunjSEA23DYGANHREjZm5L3vlG4t\" style=\"color:#9b9d9f\">Unsubscribe</a> <br>© 1995-2023 Newsmatics Inc. dba <a href=\"https://www.einpresswire.com/\">EIN Presswire</a>. All Rights Reserved. </div></td></tr></tbody></table></div></td></tr></tbody></table></div></div></div></body></html>"},"Subject":"[EXTERNAL] - Send 2 free press releases"}