{"EmailUniqueId":"AAMkADY3MzMyZDI2LTIzZjQtNDhmZi05YjYyLTY4Y2Y1MmM4OTI1YgBGAAAAAAA1YDzIIl-wR4G57gtDFXI4BwCeAOdpD2vXRIaa5vXJvYnJAAAAAAEMAACeAOdpD2vXRIaa5vXJvYnJAAAGzVBuAAA=","EmailCreatedDateTime":"2023-07-31T12:32:46Z","HasAttachment":false,"FromName":"Deepak Sharma","FromEmailAddress":"deepak.sharma@beyondkey.com","ToName":"Contact","ToEmailAddress":"Contact@beyondkey.com","conversationId":"AAQkADY3MzMyZDI2LTIzZjQtNDhmZi05YjYyLTY4Y2Y1MmM4OTI1YgAQADpyHcILjqVIh7d6etQd33A=","parentFolderId":"AAMkADY3MzMyZDI2LTIzZjQtNDhmZi05YjYyLTY4Y2Y1MmM4OTI1YgAuAAAAAAA1YDzIIl-wR4G57gtDFXI4AQCeAOdpD2vXRIaa5vXJvYnJAAAAAAEMAAA=","isRead":false,"Body":{"contentType":"html","content":"<html><head>\r\n<meta http-equiv=\"Content-Type\" content=\"text/html; charset=utf-8\"></head><body><p></p><div style=\"background-color:#ffeb9c; width:100%; border:1px solid #FFEB9C; padding:2pt; border-style:solid; border-color:#9C6500\">CAUTION: This email originated from outside of the organization. Do not click links or open attachments unless you recognize the sender and know the content is safe.</div><p></p><div><p></p><table align=\"center\" border=\"0\" cellpadding=\"0\" cellspacing=\"0\" width=\"100%\"><tbody><tr><td valign=\"top\" width=\"100%\" style=\"padding-left:10px; padding-top:10px\"><table align=\"left\" border=\"0\" width=\"648\" cellpadding=\"0\" cellspacing=\"0\"><tbody><tr><td style=\"border:1px solid #ddd\"><table cellpadding=\"0\" cellspacing=\"0\" bgcolor=\"#FFF\" border=\"0\" width=\"100%\"><tbody><tr><td style=\"padding:0\"><table align=\"center\" border=\"0\" width=\"100%\"><tbody><tr valign=\"top\"><td valign=\"top\" style=\"padding:10px 15px; padding-top:15px\"><p style=\"font-size:16px; font-family:Tahoma,Geneva,sans-serif\"><strong>Hello BeyondKey,</strong></p><p style=\"font-size:16px; font-family:Tahoma,Geneva,sans-serif; color:#d7631c\"><strong>A request has been submitted from the website.</strong><br><em style=\"font-size:13px; font-family:Tahoma,Geneva,sans-serif; color:#000\">The following details were specified - </em></p><hr></td></tr><tr valign=\"top\"><td style=\"padding:0 15px; font-size:16px; font-family:Calibri\"><table cellpadding=\"3\" cellspacing=\"0\" style=\"border:1px solid #ebebeb; width:100%\"><tbody><tr><td align=\"left\" width=\"180\" valign=\"top\" style=\"vertical-align:top; padding:8px\"><p style=\"font-family:Calibri; font-size:16px; padding:0; color:#404040; text-align:right; text-transform:uppercase; margin:0\"><strong>Name:</strong></p></td><td align=\"left\" valign=\"top\" style=\"padding:8px; font-family:Calibri; font-size:16px; vertical-align:top; color:#404040\"><p style=\"font-family:Calibri; font-size:16px; padding:0; color:#404040; text-align:left; margin:0\">vivek gurjar </p></td></tr><tr style=\"background:#f6f6f6\"><td align=\"left\" width=\"180\" valign=\"top\" style=\"vertical-align:top; padding:8px\"><p style=\"font-family:Calibri; font-size:16px; padding:0; color:#404040; text-align:right; text-transform:uppercase; margin:0\"><strong>email:</strong></p></td><td align=\"left\" valign=\"top\" style=\"padding:8px; font-family:Calibri; font-size:16px; vertical-align:top; color:#404040\"><p style=\"font-family:Calibri; font-size:16px; padding:0; color:#404040; text-align:left; margin:0\"><a href=\"#\" style=\"color:#1471b9; font-size:16px; font-family:Calibri; text-decoration:underline\">vivekranve871@gmail.com</a> </p></td></tr><tr><td align=\"left\" width=\"180\" valign=\"top\" style=\"vertical-align:top; padding:8px\"><p style=\"font-family:Calibri; font-size:16px; padding:0; color:#404040; text-align:right; text-transform:uppercase; margin:0\"><strong>Contact Number:</strong></p></td><td align=\"left\" valign=\"top\" style=\"padding:8px; font-family:Calibri; font-size:16px; vertical-align:top; color:#404040\"><p style=\"font-family:Calibri; font-size:16px; padding:0; color:#404040; text-align:left; margin:0\">09977650183 </p></td></tr><tr style=\"background:#f6f6f6\"><td align=\"left\" width=\"180\" valign=\"top\" style=\"vertical-align:top; padding:8px\"><p style=\"font-family:Calibri; font-size:16px; padding:0; color:#404040; text-align:right; text-transform:uppercase; margin:0\"><strong>Subject:</strong></p></td><td align=\"left\" valign=\"top\" style=\"padding:8px; font-family:Calibri; font-size:16px; vertical-align:top; color:#404040\"><p style=\"font-family:Calibri; font-size:16px; padding:0; color:#404040; text-align:left; margin:0\">i am looking for a job as a React js developer </p></td></tr><tr><td align=\"left\" width=\"180\" valign=\"top\" style=\"vertical-align:top; padding:8px\"><p style=\"font-family:Calibri; font-size:16px; padding:0; color:#404040; text-align:right; text-transform:uppercase; margin:0\"><strong>Message:</strong></p></td><td align=\"left\" valign=\"top\" style=\"padding:8px; font-family:Calibri; font-size:16px; vertical-align:top; color:#404040\"><p style=\"font-family:Calibri; font-size:16px; padding:0; color:#404040; text-align:left; margin:0\">As an AI language model, I cannot be hired for any role, including a React.js role, as I am not a human being. However, I can provide valuable assistance and knowledge to developers working with React.js and other technologies to enhance their productivity and problem-solving capabilities. </p></td></tr></tbody></table></td></tr><tr><td height=\"20\">&nbsp;</td></tr><tr><td style=\"font-size:16px; margin:0; padding:0 15px; font-family:Calibri; color:#404040\">Additional notes:</td></tr><tr><td style=\"font-family:Calibri; font-size:13px; padding:0 15px; color:#8b8b8b; text-align:left; margin:0\"><strong>City:</strong> Indore &nbsp;l&nbsp; <strong>Region:</strong> Madhya Pradesh (MP) &nbsp;l&nbsp; <strong>Country:</strong> India (IN) &nbsp;l&nbsp; <strong>Customer Time Zone:</strong> Asia/Kolkata &nbsp;l&nbsp; <strong>Request From (Page):</strong> BeyondKey - Contact Us &nbsp;l&nbsp; <strong>IP Address:</strong> 122.168.177.165 &nbsp;l&nbsp; <strong>Page URL:</strong> <a href=\"#\" style=\"color:#1471b9; font-family:Calibri; font-size:12px; text-decoration:underline\"></a>&nbsp;l&nbsp; <strong>Reference URL:</strong> <a href=\"#\" style=\"color:#1471b9; font-family:Calibri; font-size:12px; text-decoration:underline\"></a>&nbsp;l&nbsp; <strong>Who is:</strong> <a href=\"#\" style=\"color:#1471b9; font-family:Calibri; font-size:12px; text-decoration:underline\"></a></td></tr><tr><td colspan=\"3\" height=\"20\">&nbsp;</td></tr></tbody></table></td></tr></tbody></table></td></tr></tbody></table></td></tr></tbody></table></div></body></html>"},"Subject":"[EXTERNAL] - Contact us"}