{"EmailUniqueId":"AAMkADY3MzMyZDI2LTIzZjQtNDhmZi05YjYyLTY4Y2Y1MmM4OTI1YgBGAAAAAAA1YDzIIl-wR4G57gtDFXI4BwCeAOdpD2vXRIaa5vXJvYnJAAAAAAEMAACeAOdpD2vXRIaa5vXJvYnJAAAGzVBxAAA=","EmailCreatedDateTime":"2023-07-31T13:12:54Z","HasAttachment":false,"FromName":"Deepak Sharma","FromEmailAddress":"deepak.sharma@beyondkey.com","ToName":"Contact","ToEmailAddress":"Contact@beyondkey.com","conversationId":"AAQkADY3MzMyZDI2LTIzZjQtNDhmZi05YjYyLTY4Y2Y1MmM4OTI1YgAQACNRQ4GQoc1IswAJ0XawKk8=","parentFolderId":"AAMkADY3MzMyZDI2LTIzZjQtNDhmZi05YjYyLTY4Y2Y1MmM4OTI1YgAuAAAAAAA1YDzIIl-wR4G57gtDFXI4AQCeAOdpD2vXRIaa5vXJvYnJAAAAAAEMAAA=","isRead":false,"Body":{"contentType":"html","content":"<html><head>\r\n<meta http-equiv=\"Content-Type\" content=\"text/html; charset=utf-8\"></head><body><p></p><div style=\"background-color:#ffeb9c; width:100%; border:1px solid #FFEB9C; padding:2pt; border-style:solid; border-color:#9C6500\">CAUTION: This email originated from outside of the organization. Do not click links or open attachments unless you recognize the sender and know the content is safe.</div><p></p><div><div dir=\"ltr\"><div>Hello!</div><div><br></div><div><div>I hope this email finds you well. I'm&nbsp;<b>Sahana,</b>&nbsp;from&nbsp;<b>Blog Management</b>. We specialize in content marketing for digital businesses.</div><div><br></div><div>I've been following&nbsp;your blog, and I'm impressed by the valuable insights you provide to your audience. Your expertise in this niche aligns perfectly with our client's&nbsp;target audience expectations.</div><div><br></div><div>I'm reaching out to explore the possibility&nbsp;of&nbsp;<b>collaborating with you for guest posting opportunities</b>. We can contribute&nbsp;well-researched, informative, and engaging articles that will bring unique value to your readers.</div><div><br></div><div><span style=\"font-family:arial,sans-serif\">Partnering with us means leveraging our content creation and promotion expertise. Our experienced writers will craft compelling articles tailored to resonate with your audience. We value your editorial standards and will gladly incorporate your feedback.</span></div><div><font face=\"arial, sans-serif\"><br></font></div><div><span style=\"font-family:arial,sans-serif\">Regarding compensation, we're open to discussing a fair arrangement. We appreciate the time and effort you invest in your blog and believe our collaboration will be mutually rewarding.</span></div><div><font face=\"arial, sans-serif\"><br></font></div><div><font face=\"arial, sans-serif\">So please share&nbsp;<b>1.</b>&nbsp;<b>Your guest posting price</b>,&nbsp;<b>2. Link insertion price</b>,&nbsp;<b>3.</b>&nbsp;<b>Writing guidelines</b>.</font></div><div><font face=\"arial, sans-serif\"><br></font></div><div><p class=\"MsoNormal\" style=\"margin:0cm 0cm 10pt; line-height:14.95px\"><font face=\"arial, sans-serif\">Thank you for considering this collaboration opportunity. We look forward to working together to deliver valuable content to your readers.</font></p><p class=\"MsoNormal\" style=\"margin:0cm 0cm 10pt; line-height:14.95px\"><span style=\"font-family:arial,sans-serif\"><br></span></p></div><div><span style=\"font-family:arial,sans-serif\">Best Regards</span><span style=\"font-family:arial,sans-serif\">,</span></div></div><div><br></div><span class=\"gmail_signature_prefix\">-- </span><br><div dir=\"ltr\" class=\"gmail_signature\" data-smartmail=\"gmail_signature\"><div dir=\"ltr\"><table cellpadding=\"0\" cellspacing=\"0\" width=\"100%\" style=\"color:rgb(25,28,43); font-family:Mulish,sans-serif; font-size:16px; width:540px; line-height:normal\"><tbody><tr><td style=\"font-family:Arial\"><p style=\"font-size:13px; margin:0px\">Best wishes,</p><img src=\"https://d36urhup7zbd7q.cloudfront.net/5497375920095232/4565153234944000/de022279-84c5-4c72-83c7-39e86c36a3b3/signoff.gif?ck=1685796449.86\" alt=\"Sahana Dutta\" height=\"45\" style=\"height:45px\"></td></tr></tbody></table><p style=\"color:rgb(25,28,43); font-family:Mulish,sans-serif; font-size:16px; margin:0.01px; line-height:0px\"><span>&nbsp;</span></p><table cellpadding=\"0\" cellspacing=\"0\" border=\"0\" width=\"100%\" style=\"color:rgb(25,28,43); font-family:Mulish,sans-serif; font-size:16px\"><tbody><tr><td style=\"line-height:0; height:16px; max-width:600px\"></td></tr></tbody></table><p style=\"color:rgb(25,28,43); font-family:Mulish,sans-serif; font-size:16px; margin:0.01px; line-height:0px\"><span>&nbsp;</span></p><table cellpadding=\"0\" cellspacing=\"0\" style=\"font-size:16px; border-collapse:collapse; font-family:Arial; line-height:1.15; color:rgb(0,0,0)\"><tbody><tr><td style=\"vertical-align:top; padding:0.01px 14px 0.01px 1px; width:65px; text-align:center\"><img src=\"https://d36urhup7zbd7q.cloudfront.net/u/qlRdDb046Dl/1685796283845.jpeg#logo\" height=\"92.52016129032258\" width=\"65\" alt=\"photo\" style=\"width:65px; vertical-align:middle; border-radius:0px; height:92.5202px\"></td><td valign=\"top\" style=\"padding:0.01px 0.01px 0.01px 14px; vertical-align:top; border-left:1px solid rgb(189,189,189)\"><table cellpadding=\"0\" cellspacing=\"0\" style=\"border-collapse:collapse\"><tbody><tr><td style=\"line-height:1.2; padding:0.01px\"><span style=\"text-transform:initial; font-weight:bold; color:rgb(100,100,100); letter-spacing:0px; line-height:1.2\">Sahana Dutta</span><br><span style=\"text-transform:initial; font-weight:bold; color:rgb(100,100,100); line-height:1.2; font-size:13px\">Senior Relationship Manager,&nbsp;</span><span style=\"text-transform:initial; font-weight:bold; color:rgb(100,100,100); line-height:1.2; font-size:13px\">Blog Management</span></td></tr><tr><td><table cellpadding=\"0\" cellspacing=\"0\" style=\"border-collapse:collapse\"><tbody><tr><td nowrap=\"\" width=\"372\" style=\"padding-top:14px; white-space:nowrap; width:372px\"><p style=\"margin:0.1px; line-height:1\"><span style=\"font-size:11px; color:rgb(33,33,33)\"><a href=\"tel:+917980830324\" rel=\"nofollow noreferrer\" target=\"_blank\" style=\"text-decoration:unset\"><span style=\"line-height:1.2; color:rgb(33,33,33)\">+917980830324</span>&nbsp;</a>&nbsp;|&nbsp;&nbsp;<a href=\"tel:+919674643075\" rel=\"nofollow noreferrer\" target=\"_blank\" style=\"text-decoration:unset\"><span style=\"line-height:1.2; color:rgb(33,33,33)\">+919674643075</span>&nbsp;</a>&nbsp;|&nbsp;&nbsp;<a href=\"https://blogmanagement.io/\" rel=\"nofollow noreferrer\" target=\"_blank\" style=\"text-decoration:unset\"><span style=\"line-height:1.2; color:rgb(33,33,33)\">blogmanagement.io</span></a></span></p></td></tr><tr><td nowrap=\"\" width=\"445\" style=\"padding-top:7px; white-space:nowrap; width:445px\"><p style=\"margin:0.1px; line-height:1\"><span style=\"font-size:11px; color:rgb(33,33,33)\"><a href=\"mailto:info@blogmanagement.io\" rel=\"nofollow noreferrer\" target=\"_blank\" style=\"text-decoration:unset\"><span style=\"line-height:1.2; color:rgb(33,33,33)\">info@blogmanagement.io</span>&nbsp;</a>&nbsp;|&nbsp;&nbsp;<a href=\"https://maps.google.com/?q=11F,%2004,%20Action%20Area%20I,%20Kolkata\" rel=\"nofollow noreferrer\" target=\"_blank\" style=\"text-decoration:unset\"><span style=\"line-height:1.2; color:rgb(33,33,33)\">11F, 04, Action Area I, Kolkata</span></a></span></p></td></tr></tbody></table></td></tr><tr><td style=\"padding:14px 0.01px 0.01px\"><table border=\"0\" cellpadding=\"0\" cellspacing=\"0\"><tbody><tr><td align=\"left\" style=\"padding-right:6px; text-align:center; padding-top:0px\"><a href=\"https://www.facebook.com/BlogManagementPlatform\" rel=\"nofollow noreferrer\" target=\"_blank\"><img width=\"24\" height=\"24\" src=\"https://cdn.gifo.wisestamp.com/s/fb/3b5998/48/0/background.png\" border=\"0\" alt=\"facebook\" style=\"float:left; border:none\"></a></td><td align=\"left\" style=\"padding-right:6px; text-align:center; padding-top:0px\"><a href=\"https://www.instagram.com/blogmanagement_/\" rel=\"nofollow noreferrer\" target=\"_blank\"><img width=\"24\" height=\"24\" src=\"https://cdn.gifo.wisestamp.com/s/inst/E4405F/48/0/background.png\" border=\"0\" alt=\"instagram\" style=\"float:left; border:none\"></a></td><td align=\"left\" style=\"padding-right:6px; text-align:center; padding-top:0px\"><a href=\"https://www.linkedin.com/company/blogmanagement/\" rel=\"nofollow noreferrer\" target=\"_blank\"><img width=\"24\" height=\"24\" src=\"https://cdn.gifo.wisestamp.com/s/ld/0077b5/48/0/background.png\" border=\"0\" alt=\"linkedin\" style=\"float:left; border:none\"></a></td><td align=\"left\" style=\"padding-right:6px; text-align:center; padding-top:0px\"><a href=\"https://twitter.com/Blogmanagement1\" rel=\"nofollow noreferrer\" target=\"_blank\"><img width=\"24\" height=\"24\" src=\"https://cdn.gifo.wisestamp.com/s/tw/55acee/48/0/background.png\" border=\"0\" alt=\"twitter\" style=\"float:left; border:none\"></a></td></tr></tbody></table></td></tr></tbody></table></td></tr></tbody></table><p style=\"color:rgb(25,28,43); font-family:Mulish,sans-serif; font-size:16px; margin:0.01px; line-height:0px\"><span>&nbsp;</span></p><table cellpadding=\"0\" cellspacing=\"0\" border=\"0\" width=\"100%\" style=\"color:rgb(25,28,43); font-family:Mulish,sans-serif; font-size:16px\"><tbody><tr><td height=\"16px\" style=\"line-height:1; height:16px\"></td></tr></tbody></table><p style=\"color:rgb(25,28,43); font-family:Mulish,sans-serif; font-size:16px; margin:0.01px; line-height:0px\"><span>&nbsp;</span></p><table cellpadding=\"0\" cellspacing=\"0\" border=\"0\" style=\"color:rgb(25,28,43); font-family:Mulish,sans-serif; font-size:16px; max-width:600px; width:540px\"><tbody><tr><td style=\"line-height:0\"><table cellpadding=\"0\" cellspacing=\"0\" style=\"line-height:normal; width:540px\"><tbody><tr><td><img src=\"https://d36urhup7zbd7q.cloudfront.net/u/qlRdDb046Dl/1685794810817.png\" width=\"300\" height=\"65\" alt=\"App Banner Image\" style=\"width:300px; max-width:100%; height:65px\"><br><br><br></td></tr></tbody></table></td></tr></tbody></table></div></div></div></div></body></html>"},"Subject":"[EXTERNAL] - beyondkey.com-Paid Guest Posting Contribution For Your Websites"}