{"EmailUniqueId":"AAMkADY3MzMyZDI2LTIzZjQtNDhmZi05YjYyLTY4Y2Y1MmM4OTI1YgBGAAAAAAA1YDzIIl-wR4G57gtDFXI4BwCeAOdpD2vXRIaa5vXJvYnJAAAAAAEMAACeAOdpD2vXRIaa5vXJvYnJAAAGzVBtAAA=","EmailCreatedDateTime":"2023-07-31T12:32:44Z","HasAttachment":false,"FromName":"Deepak Sharma","FromEmailAddress":"deepak.sharma@beyondkey.com","ToName":"Contact","ToEmailAddress":"Contact@beyondkey.com","conversationId":"AAQkADY3MzMyZDI2LTIzZjQtNDhmZi05YjYyLTY4Y2Y1MmM4OTI1YgAQANsicHMJh_FIrP9k-2oiJBk=","parentFolderId":"AAMkADY3MzMyZDI2LTIzZjQtNDhmZi05YjYyLTY4Y2Y1MmM4OTI1YgAuAAAAAAA1YDzIIl-wR4G57gtDFXI4AQCeAOdpD2vXRIaa5vXJvYnJAAAAAAEMAAA=","isRead":false,"Body":{"contentType":"html","content":"<html><head>\r\n<meta http-equiv=\"Content-Type\" content=\"text/html; charset=utf-8\"></head><body><p></p><div style=\"background-color:#ffeb9c; width:100%; border:1px solid #FFEB9C; padding:2pt; border-style:solid; border-color:#9C6500\">CAUTION: This email originated from outside of the organization. Do not click links or open attachments unless you recognize the sender and know the content is safe.</div><p></p><div><table cellpadding=\"0\" cellspacing=\"0\" border=\"0\" width=\"100%\"><tbody><tr><td style=\"color:#404040; font-family:Verdana,Geneva,sans-serif; font-size:13px\">Hello vivek gurjar, </td></tr><tr><td>&nbsp;</td></tr><tr><td style=\"color:#404040; font-family:Verdana,Geneva,sans-serif; font-weight:400; font-size:12px; line-height:22px\">Thank you for submitting your inquiry with Beyond Key. </td></tr><tr><td style=\"color:#404040; font-family:Verdana,Geneva,sans-serif; font-weight:400; font-size:12px; line-height:20px\">It is being reviewed by our team &amp; we will get back to you within one business day. </td></tr><tr><td>&nbsp;</td></tr><tr><td style=\"color:#404040; font-family:Verdana,Geneva,sans-serif; font-weight:400; font-size:12px; line-height:20px\">Meanwhile, to know more about our services and products, you can visit our <a href=\"https://www.beyondkey.com/portfolio\" target=\"_blank\" style=\"color:#0171c3; text-decoration:underline\">portfolio</a>, <a href=\"https://www.beyondkey.com/casestudy/\" target=\"_blank\" style=\"color:#0171c3; text-decoration:underline\">case studies</a>, <a href=\"https://www.beyondkey.com/blog/\" target=\"_blank\" style=\"color:#0171c3; text-decoration:underline\">blogs</a> and <a href=\"https://www.beyondkey.com/webinar\" target=\"_blank\" style=\"color:#0171c3; text-decoration:underline\">Webinars</a>. </td></tr><tr><td>&nbsp;</td></tr><tr><td style=\"color:#404040; font-family:Verdana,Geneva,sans-serif; font-weight:400; font-size:13px\">Thank you! </td></tr><tr><td>&nbsp;</td></tr><tr><td style=\"color:#404040; font-family:Verdana,Geneva,sans-serif; font-weight:400; font-size:13px; line-height:22px\"><strong>Customer Delight Manager</strong> <br><a href=\"http://www.beyondkey.com/\" target=\"_blank\" style=\"color:#0171c3; text-decoration:underline\">www.beyondkey.com</a> <br><a href=\"mailto://contact@beyondkey.com\" target=\"_blank\" style=\"color:#0171c3; text-decoration:underline\">contact@beyondkey.com</a> </td></tr><tr><td>&nbsp;</td></tr><tr><td style=\"color:#666666; font-family:Verdana,Geneva,sans-serif; font-weight:400; font-size:10px; line-height:13px; text-align:left\"><i>CAUTION:</i> This message may contain privileged and confidential information intended only for the use of the addressee named above. If you are not the intended recipient of this message, you are hereby notified that any use, dissemination, distribution, or reproduction of this message is prohibited. If you have received this message in error, please notify www.beyondkey.com immediately. Any views expressed in this message are those of the individual sender and may not necessarily reflect the views of www.beyondkey.com. </td></tr></tbody></table></div></body></html>"},"Subject":"[EXTERNAL] - Thank you for your inquiry on Beyond Key"}